config,scenario,nlos_bias_ns,nlos_probability,num_sim,tof_bias_pred,tof_bias_sim,tof_bias_ci_low,tof_bias_ci_up,tof_std_pred,tof_std_sim,tof_std_ci_low,tof_std_ci_up,tdoa_bias_pred,tdoa_bias_sim,tdoa_bias_ci_low,tdoa_bias_ci_up,tdoa_std_pred,tdoa_std_sim,tdoa_std_ci_low,tdoa_std_ci_up,tof_bias_dev,tof_std_rel_dev,tof_bias_in_ci,tof_std_in_ci,tdoa_bias_dev,tdoa_std_rel_dev,tdoa_bias_in_ci,tdoa_std_in_ci
symmetric_sigma,A,1.0,0.125,20000,0.125,0.12581947681053998,0.11404617015866443,0.13759278346241555,0.6449927325171968,0.6463309054511538,0.6381055373161131,0.6547565310656425,0.0,-0.021330726094763545,-0.04655804766272194,0.003896595473194847,1.3842021618968812,1.3849293213243925,1.3673043657283832,1.4029833798037128,0.0008194768105399819,0.0020747100959332965,True,True,-0.021330726094763545,0.0005253274756591431,True,True
symmetric_sigma,A,1.0,0.25,20000,0.25,0.25225452895751665,0.23998234056134726,0.26452671735368605,0.667317390751957,0.6737185119271236,0.6651446022884931,0.6825011647496527,0.0,0.022669205354736967,-0.0027596278174713447,0.048098038526945275,1.3947446002763373,1.3959919039517648,1.3782261631730153,1.4141901752155295,0.002254528957516655,0.009592318833401947,True,True,0.022669205354736967,0.0008942882268052621,True,True
symmetric_sigma,A,1.0,0.375,20000,0.37500000000000006,0.37748126671417137,0.36503768246638113,0.3899248509619616,0.6803606580336639,0.6831278001792934,0.6744341455940573,0.6920331132977219,0.0,0.0015369237711632452,-0.024033751296691983,0.02710759883901847,1.4010319857162434,1.4037787393375376,1.3859139013515918,1.4220785204612345,0.002481266714171315,0.004067169541559057,True,True,0.0015369237711632452,0.001960521707782492,True,True
symmetric_sigma,A,1.0,0.5,20000,0.5,0.4920595670971813,0.4796806812210032,0.5044384529733593,0.6846531968814576,0.6795759894313196,0.67092753607459,0.6884350008374772,0.0,-0.0008340469450746347,-0.02634360375638675,0.02467550986623748,1.4031215200402283,1.4004234697213491,1.3826013317324988,1.418679511259977,-0.007940432902818706,-0.007415736132197037,True,True,-0.0008340469450746347,-0.0019228914105756667,True,True
symmetric_sigma,A,1.0,0.625,20000,0.625,0.6251821585917151,0.6128488507857437,0.6375154663976865,0.6803606580336639,0.6770738448549142,0.668457234413469,0.6859002380878477,0.0,0.0013485958950855785,-0.024189709436698285,0.026886901226869445,1.4010319857162434,1.4020017057952332,1.3841594827808916,1.4202783213558947,0.00018215859171510917,-0.004830986536242476,True,True,0.0013485958950855785,0.0006921469951266523,True,True
symmetric_sigma,A,1.0,0.75,20000,0.7500000000000001,0.7417261607233375,0.7296040894548866,0.7538482319917884,0.667317390751957,0.6654773829095125,0.6570083519320238,0.6741526036610119,0.0,0.006904559394225179,-0.018392274135306877,0.03220139292375723,1.3947446002763373,1.3887453885000856,1.3710718686824315,1.406849193561336,-0.008273839276662587,-0.002757320381492012,True,True,0.006904559394225179,-0.0043012977250911355,True,True
symmetric_sigma,A,1.0,0.875,20000,0.8750000000000001,0.8746977060481181,0.8630845791245632,0.8863108329716731,0.6449927325171968,0.6375373598567343,0.6294239005738255,0.645848352049894,0.0,-0.011045446831418929,-0.03624193472657835,0.01415104106374049,1.3842021618968812,1.3832366145727706,1.3656332007846175,1.4012686067803963,-0.00030229395188197117,-0.011558847541377038,True,True,-0.011045446831418929,-0.0006975479093223047,True,True
symmetric_sigma,A,1.0,1.0,20000,1.0,1.008095314410419,0.9968988191175925,1.0192918097032455,0.6123724356957946,0.614665119534561,0.6068427380805728,0.6226779472236039,0.0,-0.005350462321191799,-0.030360402499010983,0.019659477856627385,1.3693063937629155,1.372995519303316,1.3555224362451137,1.3908940077067837,0.008095314410418997,0.003743937031002176,True,True,-0.005350462321191799,0.0026941563679276914,True,True
symmetric_sigma,A,2.0,0.125,20000,0.25,0.25188883957616864,0.23846743206760562,0.26531024708473167,0.7342087577794206,0.736808334645435,0.727431528204167,0.7464134318564741,0.0,0.0027740165762221995,-0.02333862197498239,0.02888665512742679,1.4279574573494829,1.433531446820006,1.4152879684658006,1.4522190868131308,0.0018888395761686438,0.003540650855046623,True,True,0.0027740165762221995,0.0039034702622509077,True,True
symmetric_sigma,A,2.0,0.25,20000,0.5,0.48710794057057216,0.4723871787989628,0.5018287023421815,0.8100925873009825,0.808140275804274,0.7978556813075842,0.8186752623730557,0.0,-0.00582909253660924,-0.03259012686158181,0.020931941788363332,1.4684175155588415,1.4691270734304283,1.4504305962633877,1.4882787410923572,-0.012892059429427838,-0.0024099856328929636,True,True,-0.00582909253660924,0.00048321261771167023,True,True
symmetric_sigma,A,2.0,0.375,20000,0.7500000000000001,0.7531291271987758,0.7376692604662827,0.7685889939312689,0.8523863560616161,0.8487156547285383,0.8379146878503702,0.8597795854482162,0.0,-0.0026294353049940186,-0.029898139058536645,0.024639268448548607,1.4921670482891651,1.4969971061357499,1.4779459479887291,1.5165120899557925,0.003129127198775672,-0.004306382084807159,True,True,-0.0026294353049940186,0.003236941770107249,True,True
symmetric_sigma,A,2.0,0.5,20000,1.0,1.011958412279596,0.9961421115392695,1.0277747130199224,0.8660254037844387,0.868283166374032,0.8572331784674504,0.8796021808688189,0.0,0.009415937222777873,-0.017953611040688752,0.0367854854862445,1.5000000000000002,1.5025332673295617,1.483411654615863,1.5221204210260053,0.011958412279595931,0.0026070396777360116,True,True,0.009415937222777873,0.00168884488637433,True,True
symmetric_sigma,A,2.0,0.625,20000,1.25,1.251847547677885,1.2362964504877025,1.2673986448680674,0.8523863560616161,0.8537240237506482,0.8428593191204778,0.8648532440023036,0.0,-0.007100083837974717,-0.03428230624633574,0.020082138570386307,1.4921670482891651,1.492249453858558,1.4732587155172865,1.5117025468726715,0.0018475476778849753,0.0015693208596307961,True,True,-0.007100083837974717,5.522543168834382e-05,True,True
symmetric_sigma,A,2.0,0.75,20000,1.5000000000000002,1.5031277270391807,1.4882701757646626,1.517985278313699,0.8100925873009825,0.8156497449691786,0.8052695830969245,0.826282625627835,0.0,-0.0013278314562248606,-0.027886178927044588,0.025230516014594865,1.4684175155588415,1.4579999719421828,1.4394451010409803,1.4770065857462138,0.0031277270391805168,0.006859904355761559,True,True,-0.0013278314562248606,-0.00709440163051589,True,True
symmetric_sigma,A,2.0,0.875,20000,1.7500000000000002,1.7508739650355143,1.7376417949600778,1.7641061351109508,0.7342087577794206,0.7264195793777377,0.7171749828243476,0.7358892478761038,0.0,-0.004705843476338451,-0.030864289190062462,0.021452602237385564,1.4279574573494829,1.4360461681045835,1.417770686780772,1.4547665902219886,0.0008739650355140682,-0.0106089423738841,True,True,-0.004705843476338451,0.005664532030327241,True,True
symmetric_sigma,A,2.0,1.0,20000,2.0,2.0020778730369275,1.9908554013967956,2.0133003446770594,0.6123724356957946,0.6160911688655285,0.6082506391524566,0.6241225866570548,0.0,-0.010016815713191232,-0.03507746091235297,0.015043829485970507,1.3693063937629155,1.3757791232069851,1.3582706153119743,1.3937138989118234,0.0020778730369275245,0.0060726658369405495,True,True,-0.010016815713191232,0.0047270132335264226,True,True
symmetric_sigma,A,4.0,0.125,20000,0.5,0.4943158784553477,0.47587146688402776,0.5127602900266677,1.0155048005794949,1.0125611762185633,0.9996750704120743,1.0257610113349558,0.0,-0.007094065400422464,-0.036071761884669935,0.02188363108382501,1.590990257669732,1.5908173769999203,1.5705722387107177,1.611555409989799,-0.00568412154465231,-0.0028986808917611517,True,True,-0.007094065400422464,-0.00010866230574213542,True,True
symmetric_sigma,A,4.0,0.25,20000,1.0,1.0075464421799758,0.9851167539161874,1.0299761304437642,1.2247448713915892,1.2313448679443055,1.215674466367322,1.2473967861987465,0.0,0.01739106662813292,-0.014371903232602016,0.04915403648886786,1.7320508075688774,1.743723295157361,1.7215322380574318,1.7664546229282387,0.007546442179975799,0.005388874619427719,True,True,0.01739106662813292,0.0067391138513235305,True,True
symmetric_sigma,A,4.0,0.375,20000,1.5000000000000002,1.491625365949467,1.4673004421284772,1.5159502897704566,1.334634781503914,1.335389496182537,1.3183949967440478,1.3527977492143195,0.0,-0.02030346459835903,-0.053020824633282976,0.012413895436564917,1.81142209327368,1.7961174002016733,1.7732595626670462,1.819531742059896,-0.008374634050533292,0.0005654840478326317,True,True,-0.02030346459835903,-0.008448993268237892,True,True
symmetric_sigma,A,4.0,0.5,20000,2.0,1.993942572713147,1.968917034240857,2.018968111185437,1.3693063937629153,1.3738518343630437,1.356367853626042,1.3917614857637322,0.0,0.0008146485415123421,-0.03266531697525174,0.034294614058276426,1.8371173070873836,1.8379829105594816,1.8145922821093188,1.8619430148336114,-0.00605742728685299,0.003319520467320203,True,True,0.0008146485415123421,0.000471174850271483,True,True
symmetric_sigma,A,4.0,0.625,20000,2.5,2.4908320930756616,2.466439088399583,2.51522509775174,1.334634781503914,1.3391269984845224,1.3220849346605457,1.3565839739197427,0.0,-0.010775823301389664,-0.04389766328713052,0.022346016684351194,1.81142209327368,1.8183225376858552,1.7951821120392313,1.8420263476378702,-0.009167906924338443,0.003365877349267521,True,True,-0.010775823301389664,0.0038094072263987755,True,True
symmetric_sigma,A,4.0,0.75,20000,3.0000000000000004,2.9987600769576277,2.976313846049466,3.0212063078657896,1.2247448713915892,1.2322530259183289,1.2165710668967018,1.2483167829987076,0.0,-0.018183511461879267,-0.049836897737204455,0.013469874813445918,1.7320508075688774,1.7377073762592334,1.715592879242058,1.7603602799907605,-0.001239923042372748,0.006130382500159959,True,True,-0.018183511461879267,0.0032658214560665755,True,True
symmetric_sigma,A,4.0,0.875,20000,3.5000000000000004,3.505860266051195,3.487362769429676,3.524357762672714,1.0155048005794949,1.0154754389296055,1.002552245489772,1.0287132646268884,0.0,0.0027196355525119127,-0.026556352612070563,0.031995623717094385,1.590990257669732,1.6071929915609116,1.5867394531208487,1.628144498479291,0.005860266051194607,-2.8913354100046362e-05,True,True,0.0027196355525119127,0.010184056007301434,True,True
symmetric_sigma,A,4.0,1.0,20000,4.0,3.9911002380133294,3.9799155727966347,4.002284903230024,0.6123724356957946,0.6140156720985935,0.6062015556744841,0.6220200335346604,0.0,-0.0060425634969378025,-0.03122687034842931,0.0191417433545537,1.3693063937629155,1.3825678997234918,1.3649729961671198,1.4005911745064743,-0.00889976198667064,0.002683393809082668,True,True,-0.0060425634969378025,0.009684834614795745,True,True
symmetric_sigma,A,8.0,0.125,20000,1.0,0.969981128380867,0.9386008926354212,1.0013613641263128,1.7320508075688774,1.7227119603984515,1.7007882987796032,1.745169382591171,0.0,-0.006045009144799546,-0.044388501356612334,0.032298483067013245,2.121320343559643,2.1049807647261285,2.07819225506177,2.1324214761321576,-0.03001887161913297,-0.005391785927766124,True,True,-0.006045009144799546,-0.007702551329940133,True,True
symmetric_sigma,A,8.0,0.25,20000,2.0,1.9924089223514296,1.9522231089940087,2.0325947357088503,2.207940216581962,2.206120497970311,2.178044858861891,2.23487967569116,0.0,0.005932293602558381,-0.0401508860128445,0.05201547321796127,2.5248762345905194,2.529874069163618,2.4976782614455284,2.5628537264549505,-0.007591077648570366,-0.0008241702370310744,True,True,0.005932293602558381,0.0019794374491028943,True,True
symmetric_sigma,A,8.0,0.375,20000,3.0000000000000004,3.0100113139457174,2.965869586629595,3.0541530412618396,2.4494897427831783,2.4232922345450048,2.392452813808958,2.454882481817061,0.0,0.008247263136543058,-0.04200690257549269,0.058501428848578806,2.7386127875258306,2.7588528344480023,2.7237429859132254,2.7948174787385365,0.01001131394571697,-0.010695087952647286,True,True,0.008247263136543058,0.007390620176157547,True,True
symmetric_sigma,A,8.0,0.5,20000,4.0,4.011630128748278,3.965852250935931,4.057408006560625,2.52487623459052,2.513113612934977,2.481131102958693,2.5458747794685266,0.0,-0.004535627376521407,-0.05595478829685205,0.04688353354380924,2.806243040080456,2.822808733167717,2.786884965931327,2.8596071120884625,0.011630128748278068,-0.004658692372479956,True,True,-0.004535627376521407,0.005903156943521948,True,True
symmetric_sigma,A,8.0,0.625,20000,5.0,4.956054181588741,4.911588074263235,5.000520288914248,2.4494897427831783,2.441100046009951,2.410033998628415,2.4729224374532848,0.0,-0.00037259521867584044,-0.05014033702782537,0.04939514659047369,2.7386127875258306,2.7321491384616707,2.6973791278151973,2.7677656710604905,-0.043945818411258664,-0.003425079365180217,True,True,-0.00037259521867584044,-0.002360190930824957,True,True
symmetric_sigma,A,8.0,0.75,20000,6.000000000000001,5.9790820897345975,5.938967793655711,6.019196385813484,2.207940216581962,2.2021943429182897,2.1741686690372566,2.2309023389421263,0.0,0.009931268651338662,-0.03643865082649698,0.056301188129174305,2.5248762345905194,2.5456155121069712,2.5132193748640304,2.578800376210718,-0.02091791026540335,-0.0026023683161888744,True,True,0.009931268651338662,0.00821397787041045,True,True
symmetric_sigma,A,8.0,0.875,20000,7.000000000000001,6.985932344730815,6.954260372475509,7.01760431698612,1.7320508075688774,1.738727709256995,1.7166002272278758,1.7613939141377766,0.0,0.006208098766511464,-0.032547143735198694,0.044963341268221615,2.121320343559643,2.1275850292338183,2.10050885206752,2.1553204117880567,-0.014067655269186297,0.0038549109869874254,True,True,0.006208098766511464,0.002953201148141238,True,True
symmetric_sigma,A,8.0,1.0,20000,8.0,8.00389151053415,7.99279746683992,8.01498555422838,0.6123724356957946,0.6090407323981348,0.6012899282961514,0.616980240089754,0.0,-0.010397042705826011,-0.03539979858713835,0.014605713175486326,1.3693063937629155,1.372601115844407,1.3551330520628877,1.390494462770254,0.0038915105341494893,-0.005440648702409678,True,True,-0.010397042705826011,0.0024061248063242946,True,True
symmetric_sigma,A,12.0,0.125,20000,1.5000000000000002,1.507177626447482,1.4613495749594043,1.5530056779355599,2.5062422069704278,2.515868047031017,2.4838504834401642,2.548665120605801,0.0,-0.019985140774510416,-0.07062485736325815,0.030654575814237316,2.789489200552675,2.7800188037556177,2.744639591821966,2.816259369453669,0.007177626447481877,0.0038407461313267888,True,True,-0.019985140774510416,-0.0033950290236581804,True,True
symmetric_sigma,A,12.0,0.25,20000,3.0000000000000004,2.9569726177064983,2.8982673590840413,3.0156778763289553,3.24037034920393,3.222800873376757,3.1817867065066907,3.2648135844510717,0.0,0.0028457754698031296,-0.05945864680488877,0.06515019774449503,3.4641016151377544,3.4203877341458293,3.3768590276571784,3.464976204635548,-0.043027382293502114,-0.005422057954421633,True,True,0.0028457754698031296,-0.012619110479005657,True,True
symmetric_sigma,A,12.0,0.375,20000,4.500000000000001,4.522413658978071,4.4565337679153085,4.588293550040833,3.6098822695484136,3.616673794429294,3.570647102633131,3.6638210669867197,0.0,0.022139796242661273,-0.04763692645868464,0.09191651894400718,3.8119876704942275,3.8306020302113235,3.781852834386734,3.880538089762943,0.022413658978069684,0.001881370187102993,True,True,0.022139796242661273,0.004883111207619084,True,True
symmetric_sigma,A,12.0,0.5,20000,6.000000000000001,6.002914044645071,5.935224248403527,6.070603840886616,3.7249161064378353,3.7160339561555635,3.6687427821858525,3.7644764963795048,0.0,0.020545657084127564,-0.051150516222292663,0.09224183039054779,3.9210967853395315,3.935976015976725,3.885885804555532,3.9872857399254475,0.0029140446450703905,-0.002384523578107034,True,True,0.020545657084127564,0.0037946603850291805,True,True
symmetric_sigma,A,12.0,0.625,20000,7.500000000000001,7.5322056241794355,7.466591997919409,7.597819250439462,3.6098822695484136,3.60205639116867,3.556215724088303,3.6490131099922554,0.0,0.0190089053779551,-0.05015469697843625,0.08817250773434646,3.8119876704942275,3.796942953842844,3.7486221118102225,3.8464402307621945,0.03220562417943462,-0.0021679040465556465,True,True,0.0190089053779551,-0.003946685548810613,True,True
symmetric_sigma,A,12.0,0.75,20000,9.000000000000002,9.00423895405997,8.945423182794658,9.063054725325282,3.24037034920393,3.228867795663995,3.187776419629338,3.2709595956622546,0.0,0.0038881894969649998,-0.05941900824164678,0.06719538723557678,3.4641016151377544,3.4754380944841707,3.431208803394149,3.5207442062351095,0.004238954059967881,-0.0035497650886606724,True,True,0.0038881894969649998,0.0032725597011580287,True,True
symmetric_sigma,A,12.0,0.875,20000,10.500000000000002,10.518518691781694,10.473175485406621,10.563861898156766,2.5062422069704278,2.4892510234404277,2.457572194723376,2.5217011151923483,0.0,0.010872901525746886,-0.03969946880225093,0.0614452718537447,2.789489200552675,2.776321629208456,2.7409894684392357,2.8125139982191705,0.018518691781691743,-0.006779545681077304,True,True,0.010872901525746886,-0.004720423847351829,True,True
symmetric_sigma,A,12.0,1.0,20000,12.000000000000002,12.005793314266256,11.994588176331774,12.016998452200738,0.6123724356957946,0.615139583215113,0.6073111636181142,0.6231585960537538,0.0,-0.018894395107849585,-0.043933165139203444,0.006144374923504274,1.3693063937629155,1.3745782203991141,1.3570849954924393,1.3924973410310275,0.005793314266254512,0.004518732976892315,True,True,-0.018894395107849585,0.003849997823870188,True,True
symmetric_sigma,B,1.0,0.125,20000,0.0,0.0018837492744987801,-0.009247889737810556,0.013015388286808116,0.6123724356957946,0.6111046399046371,0.6033275700015068,0.6190710528731139,0.125,0.13933154730108105,0.11371255346027107,0.16495054114189103,1.3891319231808044,1.4064313429940611,1.3885327473130904,1.4247657036885706,0.0018837492744987801,-0.002070301857589163,True,True,0.014331547301081049,0.012453403110659789,True,True
symmetric_sigma,B,1.0,0.25,20000,0.0,0.004082422333524091,-0.007081878326144386,0.015246722993192567,0.6123724356957946,0.6128976987907571,0.6050978099735044,0.6208874862300378,0.25,0.2467546717905432,0.22140567205827325,0.2721036715228131,1.4031215200402283,1.391609208329679,1.3738992428273575,1.4097503463940524,0.004082422333524091,0.0008577510422487222,True,True,-0.0032453282094568048,-0.008204785933451642,True,True
symmetric_sigma,B,1.0,0.375,20000,0.0,-0.0036798839399702393,-0.014922109495959337,0.007562341616018859,0.6123724356957946,0.6171756191987905,0.6093212885005884,0.6252211739787054,0.37500000000000006,0.35819657314233827,0.3324857350873902,0.38390741119728633,1.411448723829527,1.411473406013361,1.3935106437821851,1.429873495477711,-0.0036798839399702393,0.007843565815529141,True,True,-0.016803426857661785,1.7487127528692525e-05,True,True
symmetric_sigma,B,1.0,0.5,20000,0.0,0.00023612732187914574,-0.010910358113570074,0.011382612757328365,0.6123724356957946,0.6119196787373498,0.6041322364469688,0.6198967166225801,0.5,0.47990451936579176,0.45409414781264024,0.5057148909189433,1.4142135623730951,1.4169375952949963,1.3989052944296287,1.4354089164036723,0.00023612732187914574,-0.0007393490171229145,True,True,-0.02009548063420824,0.0019261821512517319,True,True
symmetric_sigma,B,1.0,0.625,20000,0.0,-0.005257398582891619,-0.01643480644539872,0.005920009279615484,0.6123724356957946,0.6136172579196506,0.6058082118136467,0.6216164255940035,0.625,0.6273865986884793,0.6015951252486752,0.6531780721282835,1.411448723829527,1.415900126801876,1.3978810290190353,1.434357923381497,-0.005257398582891619,0.0020327861792825974,True,True,0.0023865986884793466,0.0031537829870798006,True,True
symmetric_sigma,B,1.0,0.75,20000,0.0,-0.001596401912961707,-0.012838431254520373,0.009645627428596959,0.6123724356957946,0.617164847420374,0.6093106538065078,0.6252102617784533,0.7500000000000001,0.7385875222141801,0.7131102459236349,0.7640647985047253,1.4031215200402283,1.3986513339202007,1.3808517485730805,1.4168842737431708,-0.001596401912961707,0.007825975575034061,True,True,-0.011412477785819997,-0.003185886650715397,True,True
symmetric_sigma,B,1.0,0.875,20000,0.0,0.0020622576005422393,-0.00913417305665671,0.013258688257741187,0.6123724356957946,0.6146615711683362,0.6068392348717405,0.6226743526005698,0.8750000000000001,0.8913032329714007,0.8659799870252048,0.9166264789175965,1.3891319231808044,1.3901953771636129,1.3725034044289646,1.4083180844025578,0.0020622576005422393,0.003738142573221248,True,True,0.016303232971400572,0.0007655529075838441,True,True
symmetric_sigma,B,1.0,1.0,20000,0.0,-0.002047702277014293,-0.013303195842365001,0.009207791288336414,0.6123724356957946,0.6179040062830474,0.6100404059493346,0.6259590563800245,1.0,0.9834455915637045,0.9583763330354493,1.0085148500919596,1.3693063937629155,1.3762519776867412,1.3587374521278104,1.3941929175634966,-0.002047702277014293,0.009033016943304606,True,True,-0.01655440843629552,0.005072337320166209,True,True
symmetric_sigma,B,2.0,0.125,20000,0.0,0.003090612659735906,-0.00816617065250074,0.014347395971972552,0.6123724356957946,0.6179748107984857,0.6101103093888687,0.6260307839092532,0.25,0.2336801261185384,0.20732994141465202,0.2600303108224248,1.4469796128487782,1.4465722538327745,1.4281628149194294,1.4654298949146198,0.003090612659735906,0.009148640232843785,True,True,-0.01631987388146161,-0.00028152367344114193,True,True
symmetric_sigma,B,2.0,0.25,20000,0.0,-0.006420255977499377,-0.01763111985570379,0.004790607900705036,0.6123724356957946,0.6154539260331909,0.6076215060311713,0.6234770366720102,0.5,0.4974630224029196,0.4702789153628311,0.5246471294430081,1.5000000000000002,1.4923529163578264,1.4733608613270115,1.5118073581180334,-0.006420255977499377,0.005032052649291963,True,True,-0.002536977597080381,-0.005098055761449172,True,True
symmetric_sigma,B,2.0,0.375,20000,0.0,-0.002092880309686072,-0.013251168367374114,0.00906540774800197,0.6123724356957946,0.6125676190096861,0.6047719308699662,0.620553103500377,0.7500000000000001,0.7273720398191781,0.6994269974840456,0.7553170821543106,1.5309310892394863,1.5341267368126934,1.514603057734892,1.5541257457112982,-0.002092880309686072,0.00031873301689322453,True,True,-0.022627960180822027,0.0020873882538989808,True,True
symmetric_sigma,B,2.0,0.5,20000,0.0,-0.007144656548367318,-0.018303116292243418,0.004013803195508783,0.6123724356957946,0.612577044236826,0.6047812361493172,0.6205626515955934,1.0,1.0163216911235249,0.9884131666346604,1.0442302156123893,1.5411035007422442,1.532121980346098,1.5126238142985722,1.5520948550659202,-0.007144656548367318,0.00033412434836166405,True,True,0.016321691123524884,-0.005827980010311151,True,True
symmetric_sigma,B,2.0,0.625,20000,0.0,0.0038494785921418815,-0.007337226087500064,0.015036183271783826,0.6123724356957946,0.6141276345210805,0.6063120932352873,0.6221334555089757,1.25,1.2318549083304553,1.2037188713482994,1.2599909453126112,1.5309310892394863,1.5446119595964993,1.5249548429611754,1.5647476547666652,0.0038494785921418815,0.002866227679388711,True,True,-0.0181450916695447,0.008936307096493401,True,True
symmetric_sigma,B,2.0,0.75,20000,0.0,-0.0033510337085765254,-0.014486145270272014,0.007784077853118963,0.6123724356957946,0.6112952758963208,0.6035157799120637,0.6192641740120821,1.5000000000000002,1.484233109520482,1.4568983215948068,1.511567897446157,1.5000000000000002,1.5006249945509083,1.4815276669920336,1.5201872718382745,-0.0033510337085765254,-0.001758994586766205,True,True,-0.015766890479518292,0.0004166630339386135,True,True
symmetric_sigma,B,2.0,0.875,20000,0.0,-0.0006915514027711891,-0.011828098420131189,0.010444995614588812,0.6123724356957946,0.6113740795312564,0.6035935806723074,0.6193440049380221,1.7500000000000002,1.7604507363613096,1.7342598937803455,1.7866415789422736,1.4469796128487782,1.437824691093599,1.4195265758431133,1.4565682981905956,-0.0006915514027711891,-0.0016303087897869828,True,True,0.010450736361309332,-0.006326918274373705,True,True
symmetric_sigma,B,2.0,1.0,20000,0.0,0.005170439536988439,-0.006026836041944499,0.016367715115921375,0.6123724356957946,0.6147079556757233,0.6068850290783301,0.6227213417804093,2.0,1.9938692899871457,1.9689318117025523,2.018806768271739,1.3693063937629155,1.3690175068006138,1.351595048920636,1.3868641374888542,0.005170439536988439,0.0038138881566005534,True,True,-0.006130710012854257,-0.00021097320776231054,True,True
symmetric_sigma,B,4.0,0.125,20000,0.0,0.0013676101271942142,-0.009783142454092897,0.012518362708481324,0.6123724356957946,0.6121539364794307,0.6043635129666591,0.6201340281688585,0.5,0.5126420378880732,0.4825756025418539,0.5427084732342925,1.6583123951777,1.6505869553575856,1.6295811745227125,1.6721041497431677,0.0013676101271942142,-0.00035680772619295364,True,True,0.012642037888073165,-0.004658615495234497,True,True
symmetric_sigma,B,4.0,0.25,20000,0.0,0.001745015657277551,-0.009441340317601283,0.012931371632156385,0.6123724356957946,0.6141084913294573,0.6062931936646901,0.6221140627650499,1.0,1.0041905453694926,0.9709255257588899,1.0374555649800952,1.8371173070873836,1.8261828117206227,1.802942354268258,1.8499890888851533,0.001745015657277551,0.0028349669783718223,True,True,0.004190545369492593,-0.0059519853874202555,True,True
symmetric_sigma,B,4.0,0.375,20000,0.0,-0.002879451190670392,-0.014013660859532297,0.008254758478191512,0.6123724356957946,0.6112457637899104,0.6034668979090553,0.6192140164615678,1.5000000000000002,1.490080652587027,1.4547750728334525,1.5253862323406013,1.9364916731037087,1.9382054680424377,1.9135393823554632,1.9634720822487957,-0.002879451190670392,-0.001839847517963622,True,True,-0.00991934741297329,0.0008849999008682108,True,True
symmetric_sigma,B,4.0,0.5,20000,0.0,-0.0024567385707526413,-0.013672097857279849,0.008758620715774566,0.6123724356957946,0.6157007149275566,0.6078651542285802,0.623727042727759,2.0,1.989991771930713,1.9539572504779417,2.026026293383484,1.968501968502953,1.9782229042983765,1.9530475467473314,2.0040111892667243,-0.0024567385707526413,0.005435057226212958,True,True,-0.010008228069287028,0.004938240322317933,True,True
symmetric_sigma,B,4.0,0.625,20000,0.0,0.0015527574204998989,-0.00944204110687095,0.012547555947870747,0.6123724356957946,0.603592371928624,0.5959109050194256,0.6114608543216823,2.5,2.5153381776553245,2.479793230268129,2.55088312504252,1.9364916731037087,1.951346270702952,1.926512951887311,1.9767841895499478,0.0015527574204998989,-0.01433778409244435,True,False,0.015338177655324525,0.007670881215531056,True,True
symmetric_sigma,B,4.0,0.75,20000,0.0,0.005663763445380473,-0.005488805466160352,0.016816332356921298,0.6123724356957946,0.6122536493648754,0.6044619568810803,0.6202350409201066,3.0000000000000004,2.9926277156112806,2.9592214811251014,3.02603395009746,1.8371173070873836,1.8339352249630048,1.8105961083682167,1.8578425632574274,0.005663763445380473,-0.00019397726611303234,True,True,-0.007372284388719841,-0.0017321061165244123,True,True
symmetric_sigma,B,4.0,0.875,20000,0.0,0.0018149456775453817,-0.009389137230598277,0.013019028585689039,0.6123724356957946,0.6150816643866714,0.6072539818791137,0.6230999221904526,3.5000000000000004,3.4797661232274053,3.449084184699146,3.510448061755665,1.6583123951777,1.684376844699562,1.6629410453142282,1.706334527006655,0.0018149456775453817,0.004424151926104569,True,True,-0.02023387677259514,0.015717454442031764,True,False
symmetric_sigma,B,4.0,1.0,20000,0.0,0.006749636972262006,-0.00442985538534985,0.017929129329873863,0.6123724356957946,0.6137316925171942,0.6059211900879906,0.6217323519708633,4.0,4.000322403262309,3.975301585947026,4.025343220577591,1.3693063937629155,1.3735926523189863,1.356111969997252,1.3914989250001197,0.006749636972262006,0.002219657094550964,True,True,0.0003224032623085904,0.00313024066461276,True,True
symmetric_sigma,B,8.0,0.125,20000,0.0,-0.003072182461538241,-0.014129903788092877,0.007985538865016394,0.6123724356957946,0.6070467073139594,0.5993212796720052,0.6149602207220259,1.0,0.9803547559126419,0.9381963872258835,1.0225131245994004,2.318404623873926,2.3144098265133803,2.284956070429815,2.3445806732920653,-0.003072182461538241,-0.008696878029436417,True,True,-0.019645244087358127,-0.0017230803110936943,True,True
symmetric_sigma,B,8.0,0.25,20000,0.0,0.0005246396333761713,-0.010643413176478272,0.011692692443230615,0.6123724356957946,0.6131036843051748,0.6053011740649447,0.6210961569894466,2.0,2.000286724139833,1.9491804243101631,2.051393023969503,2.806243040080456,2.805633287221527,2.769928098989482,2.8422077655426197,0.0005246396333761713,0.0011941239787343072,True,True,0.0002867241398329945,-0.00021728440844948071,True,True
symmetric_sigma,B,8.0,0.375,20000,0.0,-0.0005236767658853499,-0.011688923118503041,0.01064156958673234,0.6123724356957946,0.6129496154356061,0.6051490659141961,0.6209400796647617,3.0000000000000004,3.0069602886153537,2.951014395293918,3.0629061819367895,3.0618621784789726,3.071317256563346,3.0322309079427385,3.111355214100063,-0.0005236767658853499,0.0009425305682737584,True,True,0.0069602886153532495,0.0030880155713182145,True,True
symmetric_sigma,B,8.0,0.5,20000,0.0,0.003724482088925023,-0.0074171123773501615,0.014866076555200208,0.6123724356957946,0.6116511743461654,0.6038671491095642,0.619624711984917,4.0,3.9750811270465647,3.9180676040465947,4.032094650046535,3.142451272494134,3.1299279831176685,3.0900957397881657,3.1707299951576977,0.003724482088925023,-0.0011778148518549747,True,True,-0.02491887295343531,-0.003985197634114979,True,True
symmetric_sigma,B,8.0,0.625,20000,0.0,0.0010916513119144447,-0.010081522101700323,0.012264824725529212,0.6123724356957946,0.6133847951742558,0.6055787074470674,0.6213809324441433,5.0,4.9902270304039344,4.9343452953126565,5.046108765495212,3.0618621784789726,3.0677950984971143,3.0287535737375975,3.1077871408764857,0.0010916513119144447,0.0016531761056668426,True,True,-0.00977296959606555,0.001937683563892234,True,True
symmetric_sigma,B,8.0,0.75,20000,0.0,-0.0006145225677219122,-0.011712366811466384,0.01048332167602256,0.6123724356957946,0.6092493749385657,0.6014959155996298,0.6171916025123971,6.000000000000001,6.02945209215031,5.978542598901093,6.080361585399526,2.806243040080456,2.794829000957315,2.7592613107641384,2.831262633667706,-0.0006145225677219122,-0.005099936860613941,True,True,0.02945209215030875,-0.004067373695050169,True,True
symmetric_sigma,B,8.0,0.875,20000,0.0,0.001784114568620281,-0.009299213796558785,0.012867442933799347,0.6123724356957946,0.608452482339569,0.6007091644543924,0.6163843215525198,7.000000000000001,7.001064260652652,6.958651014755134,7.04347750655017,2.318404623873926,2.3284020738301416,2.298770248921078,2.358755324755684,0.001784114568620281,-0.006401257025508755,True,True,0.0010642606526509724,0.0043122110149653725,True,True
symmetric_sigma,B,8.0,1.0,20000,0.0,-0.009531313101934745,-0.02059521854086816,0.0015325923369986696,0.6123724356957946,0.6073862026716677,0.5996564545272065,0.6153041417705959,8.0,8.002239688666398,7.977509876188735,8.02696950114406,1.3693063937629155,1.3576170707979054,1.3403396977068978,1.3753150844158637,-0.009531313101934745,-0.008142484431817087,True,True,0.00223968866639801,-0.008536674493198948,True,True
symmetric_sigma,B,12.0,0.125,20000,0.0,-0.0014044925951517753,-0.012645715871957475,0.009836730681653924,0.6123724356957946,0.6171205960832568,0.6092669656229319,0.625165433577076,1.5000000000000002,1.53378573555741,1.4767113838393269,1.5908600872754932,3.1224989991991996,3.1332673576551806,3.093392616613314,3.1741129020706578,-0.0014044925951517753,0.007753713444118571,True,True,0.033785735557409824,0.0034486347181352794,True,True
symmetric_sigma,B,12.0,0.25,20000,0.0,0.003549424081620506,-0.007524439101842188,0.0146232872650832,0.6123724356957946,0.607932862860531,0.6001961577823071,0.6158579282689872,3.0000000000000004,2.9815723043681333,2.910158316121387,3.0529862926148796,3.9210967853395307,3.920484622563084,3.870591558474128,3.9715923993666995,0.003549424081620506,-0.007249792081544526,True,True,-0.01842769563186719,-0.00015612029234668423,True,True
symmetric_sigma,B,12.0,0.375,20000,0.0,-0.007641882978522128,-0.0188401630515182,0.0035563970944739428,0.6123724356957946,0.6147631003837092,0.6069394720010228,0.6227772053595804,4.500000000000001,4.496474106964845,4.417440151954328,4.575508061975362,4.330127018922194,4.338805504161015,4.2835887843088924,4.395366548177045,-0.007641882978522128,0.0039039390876538516,True,True,-0.003525893035155825,0.0020042103155166746,True,True
symmetric_sigma,B,12.0,0.5,20000,0.0,-0.0029198212315689016,-0.013970819374210897,0.008131176911073096,0.6123724356957946,0.6066776180109913,0.5989568874914647,0.6145863199389647,6.000000000000001,6.074101005566142,5.992844762140769,6.155357248991515,4.4581386250317525,4.4608046778696995,4.404035366137069,4.518956113671542,-0.0029198212315689016,-0.009299598337297321,True,True,0.07410100556614108,0.0005980192771435355,True,True
symmetric_sigma,B,12.0,0.625,20000,0.0,0.005953148684218262,-0.005175290627249397,0.01708158799568592,0.6123724356957946,0.6109289827504217,0.6031541483040007,0.6188931058370354,7.500000000000001,7.477192990743516,7.398594061001549,7.5557919204854835,4.330127018922194,4.314923490039613,4.260010698649363,4.371173206052897,0.005953148684218262,-0.002357148789253971,True,True,-0.02280700925648471,-0.0035111045971961685,True,True
symmetric_sigma,B,12.0,0.75,20000,0.0,-0.0032817146163079645,-0.014436702131433686,0.007873272898817757,0.6123724356957946,0.6123864258474028,0.60459304361701,0.6203695482883503,9.000000000000002,9.022001555897095,8.950672807444585,9.093330304349605,3.9210967853395307,3.9158051289409075,3.8659716172536753,3.966851903460719,-0.0032817146163079645,2.2845821909589503e-05,True,True,0.022001555897093183,-0.0013495347573179162,True,True
symmetric_sigma,B,12.0,0.875,20000,0.0,0.0028652062170007875,-0.008427472376310356,0.014157884810311931,0.6123724356957946,0.6199453896854806,0.6120558101979813,0.6280270514331454,10.500000000000002,10.49644000145387,10.439412061669497,10.553467941238242,3.1224989991991996,3.1307194356460424,3.0908771200944747,3.171531765129721,0.0028652062170007875,0.012366582080203248,True,True,-0.0035599985461320927,0.0026326466234098955,True,True
symmetric_sigma,B,12.0,1.0,20000,0.0,-0.0055875057849820225,-0.016734930561999962,0.005559918992035918,0.6123724356957946,0.6119712467041574,0.6041831481469827,0.6199489568338655,12.000000000000002,11.988986291218643,11.964097332042662,12.013875250394623,1.3693063937629155,1.366353905118533,1.3489653448971932,1.3841658128647474,-0.0055875057849820225,-0.0006551388799552749,True,True,-0.0110137087813591,-0.002156192841741622,True,True
symmetric_sigma,C,1.0,0.125,20000,0.0,-0.00394199922488066,-0.015137723664217166,0.007253725214455847,0.6123724356957946,0.61462280122511,0.6068009583244713,0.6226350772490088,-0.125,-0.14151783049051828,-0.16716314188022202,-0.11587251910081454,1.4086784586980805,1.4078761236074193,1.3899591412883985,1.4262293185870305,-0.00394199922488066,0.003674831521047306,True,True,-0.016517830490518276,-0.0005695658123449077,True,True
symmetric_sigma,C,1.0,0.25,20000,0.0,4.160365077156449e-05,-0.01112722977291279,0.011210437074455919,0.6123724356957946,0.6131465384376978,0.6053434828251002,0.6211395697721497,-0.25,-0.2582909749347657,-0.28452990259042815,-0.23205204727910328,1.4361406616345072,1.44046446518489,1.4221327555116232,1.4592424846053766,4.160365077156449e-05,0.0012641044841015248,True,True,-0.008290974934765716,0.0030107103474541486,True,True
symmetric_sigma,C,1.0,0.375,20000,0.0,0.003381317265541803,-0.007788224723883397,0.014550859254967002,0.6123724356957946,0.6131854372747361,0.6053818866258467,0.6211789756977937,-0.37500000000000006,-0.3716025251414962,-0.3979384156567303,-0.3452666346262621,1.4523687548277813,1.445787531565066,1.427388079222812,1.4646349429395225,0.003381317265541803,0.0013276260189891698,True,True,0.003397474858503835,-0.004531372105630149,True,True
symmetric_sigma,C,1.0,0.5,20000,0.0,-0.005991308770646369,-0.01710026293100328,0.005117645389710544,0.6123724356957946,0.6098592870623157,0.6020980658297345,0.6178094655033719,-0.5,-0.5121064669944306,-0.5385372286908966,-0.4856757052979647,1.4577379737113252,1.450995769002506,1.4325300353329993,1.4699110754108984,-0.005991308770646369,-0.00410395453319734,True,True,-0.012106466994430631,-0.004625114273214659,True,True
symmetric_sigma,C,1.0,0.625,20000,0.0,0.0006570368789139778,-0.010421476898371128,0.011735550656199084,0.6123724356957946,0.6081881711273591,0.6004482169325218,0.6161165647564751,-0.625,-0.6251605863977292,-0.6515616885206031,-0.5987594842748553,1.4523687548277813,1.449367517940863,1.4309225058000428,1.468261598327513,0.0006570368789139778,-0.00683287542764921,True,True,-0.00016058639772920102,-0.0020664427521881468,True,True
symmetric_sigma,C,1.0,0.75,20000,0.0,0.0020891762590581186,-0.009106641092380486,0.013284993610496723,0.6123724356957946,0.614627901913035,0.6068059940997709,0.6226402444299429,-0.7500000000000001,-0.7373606984101597,-0.7636918109471186,-0.7110295858732009,1.4361406616345072,1.4455252301474426,1.4271291159183812,1.4643692221379205,0.0020891762590581186,0.0036831609095495654,True,True,0.01263930158984039,0.00653457475554986,True,True
symmetric_sigma,C,1.0,0.875,20000,0.0,0.00490506375350658,-0.00629739433493401,0.01610752184194717,0.6123724356957946,0.6149924650460842,0.6071659177115587,0.6230095600395424,-0.8750000000000001,-0.8603973748481571,-0.8860888714758316,-0.8347058782204827,1.4086784586980805,1.4104116004754546,1.3924623510461014,1.428797848150928,0.00490506375350658,0.004278490012883607,True,True,0.014602625151842963,0.001230331710315058,True,True
symmetric_sigma,C,1.0,1.0,20000,0.0,-0.004950466472272196,-0.01603332337235202,0.006132390427807629,0.6123724356957946,0.6084265998518796,0.60068361135369,0.6163581016584812,-1.0,-1.0053921239090295,-1.0303764705778258,-0.9804077772402333,1.3693063937629155,1.3715904870256732,1.3541352847582977,1.3894706593067834,-0.004950466472272196,-0.006443522950917213,True,True,-0.005392123909029545,0.0016680658712773244,True,True
symmetric_sigma,C,2.0,0.125,20000,0.0,0.0008024634777289594,-0.01025841604305451,0.011863342998512428,0.6123724356957946,0.607220085838436,0.5994924517381823,0.6151358594239511,-0.25,-0.28115590404805996,-0.3088431565370473,-0.2534686515590726,1.520690632574555,1.5199745916591,1.5006310163065069,1.5397891119688096,0.0008024634777289594,-0.008413752084553416,True,True,-0.031155904048059957,-0.00047086560548004197,False,True
symmetric_sigma,C,2.0,0.25,20000,0.0,-0.001086276385947353,-0.012263349939050481,0.010090797167155776,0.6123724356957946,0.6135989050043517,0.6057900924621205,0.6215978334285125,-0.5,-0.5098683969323707,-0.5394441868544616,-0.4802926070102799,1.620185174601965,1.6236515063279031,1.602988512728304,1.6448175678690424,-0.001086276385947353,0.0020028159940992385,True,True,-0.009868396932370738,0.002139466389568412,True,True
symmetric_sigma,C,2.0,0.375,20000,0.0,0.0014346158067824952,-0.00968852374693899,0.012557755360503981,0.6123724356957946,0.6106380366870904,0.6028669048927601,0.6185983669756451,-0.7500000000000001,-0.7588931406000824,-0.7893443625955513,-0.7284419186046135,1.6770509831248424,1.6717109701113697,1.6504363598017269,1.6935035389812743,0.0014346158067824952,-0.0028322617211428147,True,True,-0.008893140600082283,-0.0031841685596956104,True,True
symmetric_sigma,C,2.0,0.5,20000,0.0,0.00595002024289987,-0.005194568617958177,0.017094609103757916,0.6123724356957946,0.611815560598834,0.6040294433418247,0.6197912411910007,-1.0,-0.9989997818372811,-1.0300418915209568,-0.9679576721536053,1.6955824957813173,1.7041495182466853,1.682462086891462,1.7263649588371908,0.00595002024289987,-0.0009093732253442344,True,True,0.001000218162718891,0.00505255420286721,True,True
symmetric_sigma,C,2.0,0.625,20000,0.0,-0.011001810496621866,-0.02214053971360087,0.00013691872035713828,0.6123724356957946,0.6114938779105333,0.603711854467562,0.6194653650193381,-1.25,-1.2385211461670749,-1.2692624593352875,-1.2077798329988623,1.6770509831248424,1.687636393264509,1.6661591120520265,1.7096365673287637,-0.011001810496621866,-0.0014346788556265366,True,True,0.011478853832925129,0.00631191910453599,True,True
symmetric_sigma,C,2.0,0.75,20000,0.0,-0.0018853514286270006,-0.013053902873877485,0.009283200016623484,0.6123724356957946,0.6131310583876262,0.6053281997780026,0.6211238879228057,-1.5000000000000002,-1.510761896312605,-1.5403600962189854,-1.4811636964062247,1.620185174601965,1.6248817694872135,1.604203119252131,1.6460638688453602,-0.0018853514286270006,0.0012388256681894472,True,True,-0.010761896312604824,0.00289880129683473,True,True
symmetric_sigma,C,2.0,0.875,20000,0.0,0.00020526061506764398,-0.010951697059349626,0.011362218289484912,0.6123724356957946,0.6124945836382801,0.6046998249648934,0.6204791160335491,-1.7500000000000002,-1.7546321617848766,-1.7824203355672283,-1.7268439880025248,1.520690632574555,1.525514968109675,1.506100884545996,1.5454017132462372,0.00020526061506764398,0.0001994667548135265,True,True,-0.004632161784876354,0.00317246350557987,True,True
symmetric_sigma,C,2.0,1.0,20000,0.0,-0.005116834007504274,-0.016271096892927675,0.0060374288779191255,0.6123724356957946,0.6123466451311209,0.6045537691600349,0.6203292489872085,-2.0,-1.9938208989626112,-2.018639058095992,-1.9690027398292307,1.3693063937629155,1.3624671248797617,1.3451280287921255,1.3802283642224364,-0.005116834007504274,-4.211581575253032e-05,True,True,0.006179101037388834,-0.004994695792195358,True,True
symmetric_sigma,C,4.0,0.125,20000,0.0,0.0020033550694853594,-0.009145434740816305,0.013152144879787022,0.6123724356957946,0.6120461842917295,0.6042571320601449,0.620024871314314,-0.5,-0.47764361554276746,-0.5120408068216418,-0.44324642426389316,1.9039432764659772,1.8883367639718864,1.8643053198376185,1.912953285436532,0.0020033550694853594,-0.0005327663118840364,True,True,0.022356384457232537,-0.008196941939918934,True,True
symmetric_sigma,C,4.0,0.25,20000,0.0,-0.0037541104546239255,-0.014816176554202322,0.007307955644954471,0.6123724356957946,0.6072852266327422,0.5995567635345105,0.6152018493992889,-1.0,-0.9816342704004664,-1.0219247037082713,-0.9413438370926615,2.207940216581962,2.2118639232678445,2.183715191898123,2.2406979727778866,-0.0037541104546239255,-0.008307377612893574,True,True,0.018365729599533642,0.0017770891876578432,True,True
symmetric_sigma,C,4.0,0.375,20000,0.0,0.011818433344599113,0.0006730493157253697,0.022963817373472854,0.6123724356957946,0.6118592137269455,0.6040725409293517,0.6198354633850678,-1.5000000000000002,-1.4868933306959704,-1.5299698082538435,-1.4438168531380973,2.3717082451262845,2.3648121608376766,2.3347169720898426,2.39564005680824,0.011818433344599113,-0.0008380879656445517,False,True,0.013106669304029817,-0.0029076444384670275,True,True
symmetric_sigma,C,4.0,0.5,20000,0.0,0.0038723137679277453,-0.007213153421591256,0.014957780957446747,0.6123724356957946,0.6085698995030819,0.6008250873378281,0.6165032693763371,-2.0,-1.9780258908868908,-2.0224402721011643,-1.9336115096726174,2.4238399287081647,2.43826038632069,2.4072304771558564,2.4700457597145813,0.0038723137679277453,-0.006209515600407611,True,True,0.021974109113109153,0.005949426544933356,True,True
symmetric_sigma,C,4.0,0.625,20000,0.0,0.0028190343769000795,-0.00838252729302593,0.014020596046826088,0.6123724356957946,0.6149432534687997,0.6071173324130678,0.622959706935878,-2.5,-2.492022346321527,-2.53543881213638,-2.448605880506674,2.3717082451262845,2.3834768337689263,2.353144113743097,2.414548044030991,0.0028190343769000795,0.0041981278436939995,True,True,0.007977653678473029,0.004962072660845029,True,True
symmetric_sigma,C,4.0,0.75,20000,0.0,0.0038382199447529373,-0.007324844293280683,0.015001284182786559,0.6123724356957946,0.6128298217245763,0.6050307967277794,0.6208187243125485,-3.0000000000000004,-3.013325402719487,-3.053550837901239,-2.973099967537735,2.207940216581962,2.2082956566027034,2.18019233588359,2.2370831898797143,0.0038382199447529373,0.0007469082573288155,True,True,-0.013325402719486679,0.00016098262900055005,True,True
symmetric_sigma,C,4.0,0.875,20000,0.0,-0.006614235027609895,-0.017760124361762327,0.004531654306542537,0.6123724356957946,0.6118869539725674,0.6040999281456964,0.6198635652549321,-3.5000000000000004,-3.499628839099403,-3.5341678399669716,-3.465089838231834,1.9039432764659772,1.896121825770812,1.8719913070004557,1.920839833974758,-0.006614235027609895,-0.0007927883342357944,True,True,0.0003711609005976335,-0.004108027162281425,True,True
symmetric_sigma,C,4.0,1.0,20000,0.0,-0.001088130352935421,-0.012301411277958241,0.010125150572087401,0.6123724356957946,0.6155866170523627,0.6077525083913734,0.6236114574627906,-4.0,-3.9997678296595542,-4.024560637814612,-3.974975021504497,1.3693063937629155,1.3610754070507638,1.3437540223109636,1.3788185038393859,-0.001088130352935421,0.0052487361762389995,True,True,0.00023217034044575868,-0.00601106279036101,True,True
symmetric_sigma,C,8.0,0.125,20000,0.0,0.0017298052182250629,-0.009550485280031802,0.013010095716481927,0.6123724356957946,0.619265308130655,0.6113843835304634,0.6273381042763193,-1.0,-0.9811162309429086,-1.0349802562143446,-0.9272522056714724,2.979093821953246,2.9570268790531427,2.919395018251987,2.99557493733838,0.0017298052182250629,0.011256013551668831,True,True,0.018883769057091437,-0.00740726684654569,True,True
symmetric_sigma,C,8.0,0.25,20000,0.0,0.005271695634215486,-0.0058304068808784784,0.016373798149309452,0.6123724356957946,0.6094831454890453,0.6017267111278405,0.6174284205160023,-2.0,-2.0244737477322476,-2.0926350016956343,-1.956312493768861,3.7249161064378344,3.7419160388405883,3.6942954830381503,3.790695980134149,0.005271695634215486,-0.004718191150237527,True,True,-0.02447374773224764,0.004563843028134951,True,True
symmetric_sigma,C,8.0,0.375,20000,0.0,0.005990477106678537,-0.005198141373112943,0.017179095586470017,0.6123724356957946,0.6142326983081777,0.6064158199544535,0.6222398889166934,-3.0000000000000004,-3.0053243213173197,-3.080251744048223,-2.9303968985864164,4.107919181288747,4.1133651240683,4.0610174146613325,4.166987307780685,0.005990477106678537,0.0030377961252769925,True,True,-0.005324321317319303,0.0013257180921082412,True,True
symmetric_sigma,C,8.0,0.5,20000,0.0,0.0014714262088586947,-0.009652085379550524,0.012594937797267912,0.6123724356957946,0.6106584606447508,0.6028870689300466,0.618619057181785,-4.0,-3.9646902757367593,-4.041717389995293,-3.8876631614782253,4.227883631321941,4.228633974727636,4.174819325208135,4.283758813152145,0.0014714262088586947,-0.00279890953794526,True,True,0.03530972426324075,0.00017747494281450393,True,True
symmetric_sigma,C,8.0,0.625,20000,0.0,0.009405471230629752,-0.0017690533695657595,0.020579995830825263,0.6123724356957946,0.6134589726056258,0.6056519408779646,0.6214560768589276,-5.0,-4.975420268842293,-5.050470682397083,-4.9003698552875035,4.107919181288747,4.120117073449638,4.067683437052606,4.1738272761584465,0.009405471230629752,0.0017743073438578616,True,True,0.024579731157706952,0.002969360306904756,True,True
symmetric_sigma,C,8.0,0.75,20000,0.0,-0.0027690940767257505,-0.013869944684781555,0.008331756531330054,0.6123724356957946,0.6094144183053033,0.601658858583362,0.6173587973987458,-6.000000000000001,-6.012739064175998,-6.080521416667285,-5.944956711684711,3.7249161064378344,3.7211151085004257,3.6737592705200135,3.769623887066038,-0.0027690940767257505,-0.004830422171321791,True,True,-0.012739064175996795,-0.0010204251126191277,True,True
symmetric_sigma,C,8.0,0.875,20000,0.0,-0.0034692564995653227,-0.014692235150118346,0.0077537221509877,0.6123724356957946,0.6161190027200505,0.6082781187864111,0.6241507833561128,-7.000000000000001,-7.0237149202080555,-7.077577907597615,-6.9698519328184965,2.979093821953246,2.956969901421195,2.9193387657315797,2.995517216941092,-0.0034692564995653227,0.006118118331043032,True,True,-0.023714920208054657,-0.007426392673173909,True,True
symmetric_sigma,C,8.0,1.0,20000,0.0,-0.0008067007220907609,-0.011901944132593939,0.010288542688412417,0.6123724356957946,0.6091065944136479,0.6013549521352457,0.6170469606882008,-8.0,-8.0019866541993,-8.026997330496739,-7.97697597790186,1.3693063937629155,1.373035930793036,1.355562333448147,1.3909349460041807,-0.0008067007220907609,-0.00533309648145075,True,True,-0.0019866541992996645,0.002723668747263819,True,True
symmetric_sigma,C,12.0,0.125,20000,0.0,-0.0007440992628313017,-0.011964368840561504,0.0104761703148989,0.6123724356957946,0.6159702800593502,0.6081312888073449,0.6240001219339378,-1.5000000000000002,-1.4910761280003264,-1.5673461859665956,-1.4148060700340572,4.198213905936667,4.187073103739951,4.133787368219461,4.2416561510537445,-0.0007440992628313017,0.005875255243106503,True,True,0.008923871999673816,-0.0026537004655627916,True,True
symmetric_sigma,C,12.0,0.25,20000,0.0,0.003046341123819499,-0.00822275091710024,0.014315433164739239,0.6123724356957946,0.6186505352988264,0.6107774344508624,0.6267153172126549,-3.0000000000000004,-3.0051352558128945,-3.102841351655531,-2.907429159970258,5.373546315051169,5.363868559731109,5.295606632041047,5.433792414444623,0.003046341123819499,0.010252093721198507,True,True,-0.005135255812894091,-0.0018009997034832415,True,True
symmetric_sigma,C,12.0,0.375,20000,0.0,0.007307955121036478,-0.00391149865385628,0.018527408895929236,0.6123724356957946,0.61592549412094,0.6080870728259452,0.6239547521621589,-4.500000000000001,-4.4634692019403905,-4.572255206238439,-4.354683197642342,5.968668193156661,5.972133295888421,5.896130439617874,6.049986542339407,0.007307955121036478,0.005802120111935372,True,True,0.03653079805961035,0.0005805487287318112,True,True
symmetric_sigma,C,12.0,0.5,20000,0.0,0.003587285311513395,-0.0076019069625425555,0.014776477585569346,0.6123724356957946,0.6142641984616574,0.6064469192291317,0.6222717997088997,-6.000000000000001,-5.865008010744718,-5.976981917030733,-5.753034104458703,6.154266812545586,6.147142716716156,6.0689126469528505,6.227277401121706,0.003587285311513395,0.003089235660506784,True,True,0.13499198925528333,-0.001157586443101155,False,True
symmetric_sigma,C,12.0,0.625,20000,0.0,-0.010471994440333154,-0.021645206325437163,0.0007012174447708543,0.6123724356957946,0.6133869071818006,0.605580792576678,0.6213830719840011,-7.500000000000001,-7.406996152962221,-7.5160706722744495,-7.297921633649993,5.968668193156661,5.987972191099852,5.911767765102611,6.066031914759453,-0.010471994440333154,0.0016566249995451088,True,True,0.09300384703777986,0.003234221993664077,True,True
symmetric_sigma,C,12.0,0.75,20000,0.0,-0.005718084365729124,-0.016792918210058315,0.005356749478600065,0.6123724356957946,0.6079861501939268,0.6002487669678215,0.6159119102606724,-9.000000000000002,-9.022273180819182,-9.120092996795215,-8.92445336484315,5.373546315051169,5.370111566811408,5.301770189057807,5.440116805905467,-0.005718084365729124,-0.0071627742304958275,True,True,-0.022273180819180283,-0.0006391958007583298,True,True
symmetric_sigma,C,12.0,0.875,20000,0.0,-0.001455814839246292,-0.01263058896037685,0.009718959281884267,0.6123724356957946,0.6134726708041562,0.6056654647498078,0.6214699536283596,-10.500000000000002,-10.49531116705248,-10.57206074376861,-10.418561590336349,4.198213905936667,4.213397720684302,4.159776971529845,4.268323937982616,-0.001455814839246292,0.0017966764083878761,True,True,0.0046888329475223145,0.0036167320407765047,True,True
symmetric_sigma,C,12.0,1.0,20000,0.0,-0.0061275730374679835,-0.017226941692002354,0.004971795617066386,0.6123724356957946,0.6093330620313466,0.6015785376696176,0.6172763805573616,-12.000000000000002,-12.004747927477963,-12.029715196528189,-11.979780658427737,1.3693063937629155,1.3706529600419264,1.3532096889765293,1.3885209106401462,-0.0061275730374679835,-0.00496327641036709,True,True,-0.004747927477961156,0.0009833929682534492,True,True
symmetric_sigma,AB,1.0,0.125,20000,0.125,0.12759503191796567,0.11583899469923414,0.1393510691366972,0.6449927325171968,0.6453828482323412,0.637169545309674,0.6537961148908841,0.125,0.12487920974525683,0.0993062052765015,0.15045221421401217,1.4038173403260128,1.4039066187717053,1.3860401533602191,1.4222080669427721,0.0025950319179656733,0.0006048373810692009,True,True,-0.00012079025474316663,6.359691045831894e-05,True,True
symmetric_sigma,AB,1.0,0.25,20000,0.25,0.24274037296421963,0.2306379929444195,0.25484275298401976,0.667317390751957,0.6643963728801078,0.6559410991055851,0.6730575014913174,0.25,0.2541174254003507,0.2280948621571543,0.2801399886435471,1.4279574573494829,1.4285864931969354,1.4104059455545643,1.4472096703467126,-0.007259627035780369,-0.004377254230640837,True,True,0.004117425400350705,0.0004405144174393083,True,True
symmetric_sigma,AB,1.0,0.375,20000,0.37500000000000006,0.36750797222172477,0.3550559799715212,0.3799599644719283,0.6803606580336639,0.6835893826364164,0.6748898538378285,0.6925007129836995,0.37500000000000006,0.37888391459054704,0.3526034179223848,0.4051644112587093,1.4422475949017908,1.4427465205396113,1.42438576886133,1.4615542890311826,-0.00749202777827529,0.004745607443093602,True,True,0.0038839145905469885,0.00034593618986367147,True,True
symmetric_sigma,AB,1.0,0.5,20000,0.5,0.5049326512856934,0.4924701589460813,0.5173951436253055,0.6846531968814576,0.6841658164706308,0.6754589518314511,0.6930846612592592,0.5,0.4910559561387872,0.46488588691130583,0.5172260253662686,1.4469796128487782,1.4366842756807707,1.4184006736409613,1.4554130162237584,0.0049326512856934235,-0.0007118646535893003,True,True,-0.00894404386121278,-0.00711505336812468,True,True
symmetric_sigma,AB,1.0,0.625,20000,0.625,0.6255739132480396,0.6132729155922798,0.6378749109037993,0.6803606580336639,0.6753000824567126,0.6667060453574769,0.6841033527695285,0.625,0.6233344032265098,0.5969896174747485,0.649679188978271,1.4422475949017908,1.446275862197131,1.4278701952375865,1.4651296394919655,0.0005739132480395703,-0.007438077903529905,True,True,-0.0016655967734902077,0.0027930483708760168,True,True
symmetric_sigma,AB,1.0,0.75,20000,0.7500000000000001,0.7517592427103845,0.7396789952792004,0.7638394901415686,0.667317390751957,0.6631813381865254,0.6547415272462371,0.671826627500325,0.7500000000000001,0.7454004050364997,0.7193644214234146,0.7714363886495849,1.4279574573494829,1.429323244568332,1.4111333208444479,1.447956026072742,0.0017592427103844122,-0.006198029037982833,True,True,-0.004599594963500375,0.0009564621213464797,True,True
symmetric_sigma,AB,1.0,0.875,20000,0.8750000000000001,0.8747729084988355,0.8629245260073782,0.8866212909902927,0.6449927325171968,0.6504524183624507,0.6421745988272327,0.6589317723759112,0.8750000000000001,0.8784728463090375,0.8528794862205639,0.9040662063975112,1.4038173403260128,1.4050241014392828,1.3871434146649502,1.4233401172111069,-0.0002270915011646224,0.008464724593014505,True,True,0.003472846309037436,0.0008596282996402582,True,True
symmetric_sigma,AB,1.0,1.0,20000,1.0,0.9976990370016798,0.9865061367888458,1.008891937214514,0.6123724356957946,0.6144677568585195,0.6066478870911192,0.6224780117106384,1.0,1.0136794595907572,0.9885463292683233,1.0388125899131913,1.3693063937629155,1.3797584109926129,1.3621992616898093,1.397745061037377,-0.0023009629983201663,0.0034216451306208207,True,True,0.013679459590757226,0.0076330741441839045,True,True
symmetric_sigma,AB,2.0,0.125,20000,0.25,0.24277483443586795,0.22942104842083813,0.2561286204508978,0.7342087577794206,0.7330960503708801,0.7237664873841996,0.7426527539228692,0.25,0.26625142852777023,0.2387530412853339,0.29374981577020653,1.5026019100214134,1.509606268687394,1.490394643196189,1.5292856266416088,-0.007225165564132052,-0.0015155191173500393,True,True,0.01625142852777023,0.004661486598190656,True,True
symmetric_sigma,AB,2.0,0.25,20000,0.5,0.502676815583321,0.4878497317719855,0.5175038993946565,0.8100925873009825,0.8139771423904902,0.8036182664753787,0.8245882188571902,0.5,0.5067238825041975,0.47765186245538327,0.5357959025530118,1.590990257669732,1.5959955513815502,1.5756845143550335,1.6168010875007675,0.0026768155833210017,0.004795198907386666,True,True,0.006723882504197531,0.0031460241115175425,True,True
symmetric_sigma,AB,2.0,0.375,20000,0.7500000000000001,0.757219381103872,0.7417271943036721,0.7727115679040719,0.8523863560616161,0.8504899615773197,0.8396664144281284,0.8615770223146202,0.7500000000000001,0.7630244695283628,0.7333954133654704,0.7926535256912551,1.6417406920704625,1.6265757160393497,1.6058755082184006,1.6477798978313374,0.00721938110387188,-0.0022248062405156865,True,True,0.01302446952836267,-0.009237132334210196,True,True
symmetric_sigma,AB,2.0,0.5,20000,1.0,0.9994692109932591,0.983704736779393,1.0152336852071253,0.8660254037844387,0.8654379940903276,0.8544242145550984,0.8767199186730137,1.0,0.9937577177312763,0.9635992510678142,1.0239161843947384,1.6583123951777,1.6556392899618102,1.6345692118579829,1.6772223470185028,-0.0005307890067408616,-0.0006782822900393004,True,True,-0.006242282268723698,-0.0016119430956814673,True,True
symmetric_sigma,AB,2.0,0.625,20000,1.25,1.2516981674738725,1.2362407325250293,1.2671556024227157,0.8523863560616161,0.848582154686892,0.8377828867635153,0.8596443450884745,1.25,1.2502804413999478,1.2204680895275086,1.280092793272387,1.6417406920704625,1.6366382826079235,1.615810016057751,1.6579736408884758,0.001698167473872525,-0.004463001252508314,True,True,0.00028044139994776174,-0.003107926536257133,True,True
symmetric_sigma,AB,2.0,0.75,20000,1.5000000000000002,1.5032937879118968,1.4885598883266258,1.5180276874971679,0.8100925873009825,0.8088615154059187,0.7985677422343627,0.8194059041165608,1.5000000000000002,1.50154764976923,1.472560820352055,1.5305344791864048,1.590990257669732,1.5913187566872913,1.5710672377152692,1.612063325706162,0.0032937879118966062,-0.0015196681396203449,True,True,0.0015476497692297198,0.00020647456260380892,True,True
symmetric_sigma,AB,2.0,0.875,20000,1.7500000000000002,1.7491809324258782,1.7358525850335846,1.7625092798181718,0.7342087577794206,0.7316995210395076,0.7223877306330411,0.7412380193142826,1.7500000000000002,1.7561475445152301,1.7288258661148872,1.783469222915573,1.5026019100214134,1.4999053079217761,1.4808171392742526,1.5194582033119661,-0.0008190675741219788,-0.0034176066593131216,True,True,0.006147544515229919,-0.0017946217701791944,True,True
symmetric_sigma,AB,2.0,1.0,20000,2.0,2.000570994826758,1.9894609852242093,2.011681004429307,0.6123724356957946,0.6099172287203097,0.6021552701077527,0.6178681624938335,2.0,1.9973095867624557,1.9725031038584622,2.0221160696664495,1.3693063937629155,1.3618261233213156,1.3444951847792166,1.3795790065122044,0.0005709948267580423,-0.004009336201906577,True,True,-0.0026904132375442646,-0.005462817142804499,True,True
symmetric_sigma,AB,4.0,0.125,20000,0.5,0.5095841810033572,0.4911529956135221,0.5280153663931924,1.0155048005794949,1.0118350854007911,0.9989582200069532,1.02502545513445,0.5,0.49945587907536315,0.4655578945011357,0.5333538636495906,1.8456028825291753,1.8609313178247489,1.8372486422261707,1.8851905795218569,0.009584181003357228,-0.003613685702529068,True,True,-0.0005441209246368484,0.008305381098325793,True,True
symmetric_sigma,AB,4.0,0.25,20000,1.0,0.9987089551119359,0.9762776140104157,1.0211402962134561,1.2247448713915892,1.2314356054184368,1.2157640490937505,1.2474887065344427,1.0,1.0023936925095756,0.9636664327310388,1.0411209522881124,2.1213203435596424,2.126048833894614,2.098992206732943,2.153764190473474,-0.0012910448880640857,0.005462961456817794,True,True,0.0023936925095755512,0.0022290317204223253,True,True
symmetric_sigma,AB,4.0,0.375,20000,1.5000000000000002,1.4972081479110204,1.4728729501449107,1.5215433456771301,1.334634781503914,1.3359535151492008,1.3189518378648173,1.3533691207810405,1.5000000000000002,1.5132310502811293,1.4716854330820281,1.5547766674802304,2.2707377655731187,2.2807709996702012,2.2517453396781,2.310503327791182,-0.002791852088979807,0.0009880857771449314,True,True,0.013231050281129031,0.004418490875167214,True,True
symmetric_sigma,AB,4.0,0.5,20000,2.0,2.003050227587065,1.9780518831994804,2.02804857197465,1.3693063937629153,1.3723589336928903,1.3548939519817704,1.3902491235112526,2.0,2.0220614759151783,1.9799251352140999,2.064197816616257,2.318404623873926,2.313200534311049,2.283762167981344,2.3433556166519365,0.0030502275870651907,0.0022292599697766313,True,True,0.022061475915178264,-0.002244685638256416,True,True
symmetric_sigma,AB,4.0,0.625,20000,2.5,2.4916814823151445,2.467522973359923,2.515839991270366,1.334634781503914,1.3262536540565388,1.309375419621125,1.3435428114597854,2.5,2.4875616253831403,2.4464694648821483,2.5286537858841323,2.2707377655731187,2.2558771370589508,2.227168282564705,2.2852849466327103,-0.008318517684855475,-0.006279716041815542,True,True,-0.012438374616859704,-0.006544405408441034,True,True
symmetric_sigma,AB,4.0,0.75,20000,3.0000000000000004,2.9985516540502664,2.9762793023876912,3.0208240057128415,1.2247448713915892,1.222707404321752,1.2071469252588387,1.238646723852956,3.0000000000000004,2.9938114252151946,2.9551805171749463,3.032442333255443,2.1213203435596424,2.120759316846337,2.0937700053964963,2.148405718823221,-0.0014483459497340867,-0.0016635848962748279,True,True,-0.006188574784805834,-0.0002644705289367444,True,True
symmetric_sigma,AB,4.0,0.875,20000,3.5000000000000004,3.5004896859822443,3.4819411888483924,3.519038183116096,1.0155048005794949,1.0182752646955648,1.0053164399754617,1.0315495891638191,3.5000000000000004,3.4981022719123467,3.46452405313345,3.5316804906912433,1.8456028825291753,1.8433768174503455,1.8199175447972067,1.867407237161473,0.0004896859822438593,0.002728164470014338,True,True,-0.0018977280876537606,-0.0012061452113573123,True,True
symmetric_sigma,AB,4.0,1.0,20000,4.0,3.996007121039311,3.9848857781734814,4.007128463905141,0.6123724356957946,0.6105394021278892,0.6027695255815338,0.6184984466077946,4.0,4.004554583069859,3.9796264553063923,4.029482710833325,1.3693063937629155,1.3685041819578194,1.3510882567776852,1.386344120898988,-0.003992878960688895,-0.002993331281841094,True,True,0.004554583069858786,-0.0005858526687307908,True,True
symmetric_sigma,AB,8.0,0.125,20000,1.0,1.0099503697728132,0.97815042778111,1.0417503117645162,1.7320508075688774,1.7457529909422147,1.723536103428032,1.768510778002986,1.0,1.0157369220498662,0.9642159246259258,1.0672579194738065,2.8284271247461903,2.8283993528238858,2.792404437968858,2.8652706115462605,0.009950369772813161,0.007910959259081807,True,True,0.01573692204986621,-9.818857294008332e-06,True,True
symmetric_sigma,AB,8.0,0.25,20000,2.0,1.9971786709601147,1.9570184872990755,2.037338854621154,2.207940216581962,2.204713479079308,2.1766557460438514,2.2334543147801362,2.0,1.9958274345697458,1.9320649419670435,2.059589927172448,3.517811819867572,3.500432868718476,3.4558854879041414,3.5460648145092857,-0.002821329039885301,-0.0014614243077871736,True,True,-0.004172565430254238,-0.004940273112661986,True,True
symmetric_sigma,AB,8.0,0.375,20000,3.0000000000000004,3.0185326081102413,2.9738904278157285,3.063174788404754,2.4494897427831783,2.4507660986193267,2.4195770386440025,2.4827144975609396,3.0000000000000004,3.0286644176267696,2.9578028552874183,3.099525979966121,3.8729833462074175,3.8901575489992166,3.840650434804374,3.9408699794474638,0.018532608110240822,0.0005210700881310704,True,True,0.02866441762676919,0.004434360093135137,True,True
symmetric_sigma,AB,8.0,0.5,20000,4.0,3.9846963289515642,3.938648676161951,4.030743981741177,2.52487623459052,2.5279237177322513,2.495752730672404,2.5608779500735483,4.0,3.9612182653275028,3.8883170302860446,4.034119500368961,3.9843443626273074,4.002131486598707,3.951199364175854,4.054303618987301,-0.015303671048435774,0.0012069831780192608,True,True,-0.03878173467249724,0.004464253677026742,True,True
symmetric_sigma,AB,8.0,0.625,20000,5.0,5.028575357440341,4.983818684896994,5.073332029983689,2.4494897427831783,2.457051493287533,2.4257824438136657,2.489081829177955,5.0,4.981793652074666,4.911346922820558,5.052240381328774,3.8729833462074175,3.8673840452143904,3.818166752302694,3.9177995982965657,0.028575357440341342,0.003087071716316947,True,True,-0.018206347925334043,-0.0014457332997597216,True,True
symmetric_sigma,AB,8.0,0.75,20000,6.000000000000001,5.998335515683476,5.958351417832645,6.038319613534307,2.207940216581962,2.1950467215137213,2.1671120100435006,2.2236615405264,6.000000000000001,6.02388874788138,5.96017355655015,6.0876039392126104,3.517811819867572,3.4978361238511404,3.4533217898589625,3.5434342182511473,-0.0016644843165245504,-0.005839603342250199,True,True,0.023888747881379402,-0.005678443600540151,True,True
symmetric_sigma,AB,8.0,0.875,20000,7.000000000000001,7.009356410898314,6.977892832566523,7.040819989230105,1.7320508075688774,1.7272873011152194,1.7053054125704712,1.7498043678454553,7.000000000000001,6.960276397390422,6.908768816466781,7.011783978314064,2.8284271247461903,2.827662813885222,2.791677272408235,2.8645244710222544,0.009356410898313072,-0.0027502117333059184,True,True,-0.039723602609578634,-0.0002702246963626198,True,True
symmetric_sigma,AB,8.0,1.0,20000,8.0,8.004124756180943,7.992946088229639,8.015303424132247,0.6123724356957946,0.6136864342655267,0.60587650780411,0.6216865037287107,8.0,8.003530765757368,7.978776817622111,8.028284713892626,1.3693063937629155,1.3589420699581367,1.3416478345976945,1.3766573563798081,0.004124756180942768,0.00214575067906031,True,True,0.003530765757368215,-0.0075690319215534485,True,True
symmetric_sigma,AB,12.0,0.125,20000,1.5000000000000002,1.5389341520562014,1.4931622858706775,1.5847060182417254,2.5062422069704278,2.512783586688106,2.4808052767080646,2.545540450970942,1.5000000000000002,1.4792591837222744,1.4074246884596826,1.5510936789848662,3.9567979478361033,3.943569613750032,3.893382764311643,3.994978328496448,0.03893415205620121,0.0026100349357636166,True,True,-0.020740816277725838,-0.003343191707149362,True,True
symmetric_sigma,AB,12.0,0.25,20000,3.0000000000000004,3.015897688191342,2.956790676900281,3.075004699482403,3.24037034920393,3.244856288541263,3.2035614389627436,3.287156515916254,3.0000000000000004,2.991860187540984,2.8995416049056892,3.084178770176279,5.049752469181039,5.068104897712119,5.003606932073935,5.134173151733287,0.01589768819134152,0.0013843909349542383,True,True,-0.008139812459016404,0.0036343224035408905,True,True
symmetric_sigma,AB,12.0,0.375,20000,4.500000000000001,4.5470446747350035,4.481324370296302,4.612764979173705,3.6098822695484136,3.607912809068362,3.5619976117546868,3.65494587266248,4.500000000000001,4.473654840521633,4.3716366519676955,4.575673029075571,5.604127942864975,5.600593794951323,5.529319242938151,5.673603620316474,0.04704467473500262,-0.0005455747121354548,True,True,-0.026345159478367464,-0.0006306329815597422,True,True
symmetric_sigma,AB,12.0,0.5,20000,6.000000000000001,5.962940909123816,5.89546702589033,6.030414792357302,3.7249161064378353,3.704180765363562,3.6570404380530728,3.7524687863666086,6.000000000000001,5.9521523730782,5.846464519277833,6.057840226878567,5.777110004145673,5.802051051740715,5.728212704484901,5.87768709133872,-0.037059090876184975,-0.0055666598875706574,True,True,-0.04784762692180067,0.004317218743826068,True,True
symmetric_sigma,AB,12.0,0.625,20000,7.500000000000001,7.540430767383109,7.474716587922497,7.60614494684372,3.6098822695484136,3.6075765600644,3.5616656419393253,3.6546052402874047,7.500000000000001,7.574394646789895,7.472864487917678,7.675924805662112,5.604127942864975,5.573801944929876,5.502868352675222,5.646462509419682,0.04043076738310791,-0.0006387215182787065,True,True,0.07439464678989438,-0.005411367878156437,True,True
symmetric_sigma,AB,12.0,0.75,20000,9.000000000000002,8.994910995119985,8.935937286438529,9.053884703801442,3.24037034920393,3.237538242820386,3.196336524514989,3.2797430715180838,9.000000000000002,8.987111923981422,8.89509356015679,9.079130287806054,5.049752469181039,5.051623487564008,4.987335268457684,5.117476888496246,-0.00508900488001629,-0.0008740070048598447,True,True,-0.012888076018580108,0.0003705168509522405,True,True
symmetric_sigma,AB,12.0,0.875,20000,10.500000000000002,10.494829760253305,10.448868296003017,10.540791224503593,2.5062422069704278,2.5231921399088675,2.4910813680872654,2.5560846909922064,10.500000000000002,10.545050751280625,10.47394617201463,10.61615533054662,3.9567979478361033,3.9034986905223046,3.8538217936365164,3.9543850372459386,-0.005170239746696836,0.006763086540996666,True,True,0.0450507512806233,-0.013470300484498376,True,False
symmetric_sigma,AB,12.0,1.0,20000,12.000000000000002,11.999850559299038,11.988669933812382,12.011031184785693,0.6123724356957946,0.6137938990274893,0.6059826049427371,0.6217953694106098,12.000000000000002,11.989490852386368,11.964625425575138,12.014356279197598,1.3693063937629155,1.3650620255246626,1.3476899060849041,1.3828570922166972,-0.00014944070096412077,0.0023212399004857165,True,True,-0.010509147613634084,-0.003099648301932767,True,True
symmetric_sigma,AC,1.0,0.125,20000,0.125,0.13085429435319879,0.11913650434829041,0.14257208435810717,0.6449927325171968,0.6432831529579156,0.6350965712804464,0.6516690478071614,-0.125,-0.11818417366386982,-0.14411870698056398,-0.09224964034717568,1.4231621920919626,1.4237538269133345,1.4056347809861391,1.4423140050072378,0.005854294353198786,-0.0026505408093657756,True,True,0.006815826336130176,0.0004157184786521828,True,True
symmetric_sigma,AC,1.0,0.25,20000,0.25,0.24848922481173022,0.2362216741468383,0.2607567754766221,0.667317390751957,0.6734639097881959,0.6648932402798192,0.6822432435952096,-0.25,-0.2786805445527478,-0.30529504722381545,-0.2520660418816802,1.4604151806934902,1.4610827797289163,1.4424886762477436,1.4801295812820299,-0.0015107751882697806,0.009210788031933204,True,True,-0.028680544552747822,0.0004571296192013019,False,True
symmetric_sigma,AC,1.0,0.375,20000,0.37500000000000006,0.37486828837640895,0.36257659545654997,0.38715998129626794,0.6803606580336639,0.6747892711309259,0.66620173474389,0.6835858824630952,-0.37500000000000006,-0.36866447744576814,-0.3956369965595531,-0.3416919583319832,1.4823176532039277,1.4807371638734972,1.4618929338028432,1.500040181679135,-0.000131711623591102,-0.008188872823481685,True,True,0.0063355225542319205,-0.0010662285017076778,True,True
symmetric_sigma,AC,1.0,0.5,20000,0.5,0.4944852243770706,0.4821087974062153,0.5068616513479258,0.6846531968814576,0.6794410004642701,0.6707942650107674,0.6882982521425719,-0.5,-0.5015312364893993,-0.5289337629082598,-0.474128710070539,1.489546910976623,1.504343701871531,1.4851990491167846,1.523954456549332,-0.005514775622929402,-0.007612900138243228,True,True,-0.0015312364893993458,0.009933752865296741,True,True
symmetric_sigma,AC,1.0,0.625,20000,0.625,0.6237655723655668,0.6112456839705106,0.6362854607606231,0.6803606580336639,0.687316744717168,0.6785697805800743,0.6962766652790876,-0.625,-0.6176646314770871,-0.6448716376972615,-0.5904576252569126,1.4823176532039277,1.4936100353845119,1.4746019819437544,1.513080865057137,-0.001234427634433155,0.010224116579004017,True,True,0.007335368522912944,0.007618058218612278,True,True
symmetric_sigma,AC,1.0,0.75,20000,0.7500000000000001,0.7602213778186456,0.748110881653367,0.7723318739839242,0.667317390751957,0.6648419329772849,0.656380988893955,0.6735088699484784,-0.7500000000000001,-0.7261349434823738,-0.7525692677673446,-0.6997006191974031,1.4604151806934902,1.4511913479610892,1.4327231253050277,1.4701092039537103,0.010221377818645516,-0.0037095658062838988,True,True,0.02386505651762627,-0.006315897598394571,True,True
symmetric_sigma,AC,1.0,0.875,20000,0.8750000000000001,0.8689136275503242,0.8571588257810889,0.8806684293195595,0.6449927325171968,0.6453150245346198,0.6371025847532279,0.6537274070375699,-0.8750000000000001,-0.8834474174694861,-0.9095512459603895,-0.8573435889785826,1.4231621920919626,1.4330477921917921,1.414810468946887,1.45172912722133,-0.006086372449675914,0.0004996831765300414,True,True,-0.008447417469485963,0.006946221698946653,True,True
symmetric_sigma,AC,1.0,1.0,20000,1.0,1.004678553782237,0.9935393508147783,1.0158177567496955,0.6123724356957946,0.6115198858610207,0.6037375314343917,0.6194917120117186,-1.0,-0.9948000265259027,-1.0198776310668918,-0.9697224219849137,1.3693063937629155,1.3767101570348805,1.3591898005714105,1.3946570697772673,0.004678553782236916,-0.0013922080503268042,True,True,0.005199973474097286,0.0054069442059780926,True,True
symmetric_sigma,AC,2.0,0.125,20000,0.25,0.24206525936203666,0.22861307497132527,0.25551744375274804,0.7342087577794206,0.7384979237043215,0.7290996151317318,0.748125046544543,-0.25,-0.23774056650412945,-0.2665742134655762,-0.2089069195426827,1.5737097890017715,1.5829093473142444,1.562764848581094,1.6035442905448096,-0.007934740637963345,0.005841888808127749,True,True,0.012259433495870553,0.005845778158569015,True,True
symmetric_sigma,AC,2.0,0.25,20000,0.5,0.50718847859401,0.4924554265281667,0.5219215306598533,0.8100925873009825,0.8088149882903539,0.7985218072344629,0.8193587704694912,-0.5,-0.4983160828081121,-0.5292785268730799,-0.46735363874314434,1.704772712123232,1.6997760356733176,1.678144262346969,1.721934463166532,0.0071884785940099505,-0.0015771024579860349,True,True,0.0016839171918878737,-0.002930992744300309,True,True
symmetric_sigma,AC,2.0,0.375,20000,0.7500000000000001,0.746719078582515,0.7311902902483898,0.7622478669166401,0.8523863560616161,0.8524993123283254,0.8416501936808505,0.8636125671358976,-0.7500000000000001,-0.7644777144091142,-0.7971200088945438,-0.7318354199236845,1.7787811838447136,1.791996452195526,1.7691910588719524,1.8153570730189295,-0.0032809214174851498,0.00013251768509214834,True,True,-0.01447771440911405,0.007429395178471854,True,True
symmetric_sigma,AC,2.0,0.5,20000,1.0,1.0023418228709493,0.9865922716733687,1.01809137406853,0.8660254037844387,0.864618750447644,0.8536153968111247,0.8758899952993099,-1.0,-0.9991971944743946,-1.0319627785276393,-0.9664316104211498,1.8027756377319948,1.7987648020189735,1.7758732729892235,1.8222136556363828,0.002341822870949306,-0.0016242633653097416,True,True,0.0008028055256054101,-0.002224811357040113,True,True
symmetric_sigma,AC,2.0,0.625,20000,1.25,1.2488078363725785,1.2333506145091377,1.2642650582360193,0.8523863560616161,0.8485704567259775,0.8377713376737659,0.8596324946319291,-1.25,-1.254500080322433,-1.286563547115097,-1.2224366135297693,1.7787811838447136,1.760219973604777,1.737818975664806,1.7831663535034554,-0.001192163627421472,-0.004476725030266304,True,True,-0.004500080322433098,-0.010434791197767135,True,True
symmetric_sigma,AC,2.0,0.75,20000,1.5000000000000002,1.4959142613078382,1.4812244323890726,1.5106040902266038,0.8100925873009825,0.8064421242672508,0.7961791408701128,0.8169549735856442,-1.5000000000000002,-1.4988384340707737,-1.5298881554683341,-1.4677887126732132,1.704772712123232,1.7045673860617798,1.6828746368166307,1.7267882740132836,-0.004085738692162,-0.004506229400140671,True,True,0.00116156592922656,-0.00012044189820259454,True,True
symmetric_sigma,AC,2.0,0.875,20000,1.7500000000000002,1.748807491403708,1.7354723384362851,1.7621426443711308,0.7342087577794206,0.7320731334549112,0.7227565883637612,0.7416165021734643,-1.7500000000000002,-1.7394831656423446,-1.7680440860971116,-1.7109222451875776,1.5737097890017715,1.5679372094760804,1.5479832498993418,1.5883769746221554,-0.0011925085962922743,-0.002908742645577389,True,True,0.010516834357655602,-0.0036681347260048014,True,True
symmetric_sigma,AC,2.0,1.0,20000,2.0,2.003369720378972,1.9922423827111755,2.0144970580467687,0.6123724356957946,0.6108685047239508,0.6030944399359627,0.6188318394137778,-2.0,-1.9924434335326757,-2.0174650846904654,-1.967421782374886,1.3693063937629155,1.3736384285990542,1.3561571637169745,1.391545298023736,0.0033697203789722074,-0.0024559089929234723,True,True,0.007556566467324277,0.003163670932868401,True,True
symmetric_sigma,AC,4.0,0.125,20000,0.5,0.5000272152837288,0.48168080826391435,0.5183736223035433,1.0155048005794949,1.0071809230419622,0.9943632876778795,1.0203106207123578,-0.5,-0.5085243842561292,-0.5463048537389206,-0.47074391477333793,2.069118169655856,2.074071946923437,2.047676790575316,2.101109728305858,2.7215283728843076e-05,-0.008196787974594222,True,True,-0.008524384256129225,0.0023941490342258565,True,True
symmetric_sigma,AC,4.0,0.25,20000,1.0,0.9954312171773063,0.9732510342268872,1.0176114001277254,1.2247448713915892,1.2176475270125497,1.2021514412089334,1.2335208855452884,-1.0,-0.9847473945604281,-1.0292776610878678,-0.9402171280329886,2.4494897427831783,2.444622257424695,2.413511385503142,2.47649056472083,-0.004568782822693684,-0.005794957419152258,True,True,0.015252605439571854,-0.0019871425764586004,True,True
symmetric_sigma,AC,4.0,0.375,20000,1.5000000000000002,1.4848139881544404,1.460564784497615,1.5090631918112658,1.334634781503914,1.3312326111448551,1.3142910132610366,1.3485866746635653,-1.5000000000000002,-1.5061765159794924,-1.5544502489122054,-1.4579027830467794,2.6516504294495533,2.6501310497112684,2.616404821696903,2.6846783874076032,-0.015186011845559788,-0.002549139589502536,True,True,-0.006176515979492203,-0.0005729939819406615,True,True
symmetric_sigma,AC,4.0,0.5,20000,2.0,1.9863234156467944,1.9613563750541954,2.011290456239393,1.3693063937629153,1.3706404181767813,1.3531973067222849,1.3885082052781619,-2.0,-2.0245097874210103,-2.074236131702199,-1.9747834431398217,2.715695122800054,2.7298764972639504,2.695135408815584,2.7654634035154513,-0.013676584353205623,0.0009742336849827282,True,True,-0.024509787421010287,0.005222005351349868,True,True
symmetric_sigma,AC,4.0,0.625,20000,2.5,2.487816692799142,2.463362101823457,2.5122712837748273,1.334634781503914,1.342507962725528,1.3254228719082586,1.36000901270317,-2.5,-2.5050957245328513,-2.5534154198166754,-2.4567760292490273,2.6516504294495533,2.652654290538045,2.6188959511322563,2.6872345214201494,-0.012183307200857918,0.005899127859340325,True,True,-0.005095724532851342,0.0003785797242887856,True,True
symmetric_sigma,AC,4.0,0.75,20000,3.0000000000000004,3.0063125762344898,2.9840615288175836,3.028563623651396,1.2247448713915892,1.2215378439934184,1.2059922490466375,1.2374619170349728,-3.0000000000000004,-2.999538013526813,-3.044522794764627,-2.9545532322889985,2.4494897427831783,2.469574202785814,2.4381457861908595,2.5017677858009235,0.006312576234489331,-0.00261852690554798,True,True,0.00046198647318762553,0.00819944646096582,True,True
symmetric_sigma,AC,4.0,0.875,20000,3.5000000000000004,3.512753787817035,3.4942264800320375,3.531281095602033,1.0155048005794949,1.0171120119717687,1.0041679910956511,1.030371172176852,-3.5000000000000004,-3.456638463389367,-3.494363485572971,-3.4189134412057633,2.069118169655856,2.0710280014841285,2.044671583144062,2.098026101730391,0.012753787817034734,0.00158267237275167,True,True,0.043361536610633244,0.0009230172816037108,False,True
symmetric_sigma,AC,4.0,1.0,20000,4.0,4.001339865345896,3.990143459155619,4.012536271536173,0.6123724356957946,0.6146602279834212,0.6068379087805315,0.6226729919057801,-4.0,-4.006486418733758,-4.0314155513460035,-3.9815572861215114,1.3693063937629155,1.368559346139013,1.3511427189257648,1.3864000042052211,0.0013398653458960297,0.003735949161439933,True,True,-0.0064864187337576595,-0.000545566446855994,True,True
symmetric_sigma,AC,8.0,0.125,20000,1.0,0.9938898185095152,0.9621008989433201,1.0256787380757104,1.7320508075688774,1.7451478819045025,1.7229386951586958,1.7678977807114944,-1.0,-0.9813773145979159,-1.0429477835059495,-0.9198068456898822,3.391164991562634,3.3800951674049817,3.3370792341595013,3.4241583805079006,-0.006110181490484812,0.0075615993932696135,True,True,0.018622685402084116,-0.0032643130561900158,True,True
symmetric_sigma,AC,8.0,0.25,20000,2.0,1.9838473248025787,1.9437084384990577,2.0239862111060996,2.207940216581962,2.2035442968966406,2.17550144316494,2.2322698910373586,-2.0,-2.037377176121005,-2.116020348934557,-1.9587340033074532,4.286607049870561,4.31735234587108,4.262408644256373,4.373633724659167,-0.01615267519742125,-0.0019909595614534537,True,True,-0.03737717612100511,0.007172408304009892,True,True
symmetric_sigma,AC,8.0,0.375,20000,3.0000000000000004,3.019579588231203,2.9745266430588666,3.0646325334035396,2.4494897427831783,2.473316265981967,2.44184022695845,2.5055586308567257,-3.0000000000000004,-2.979574166636997,-3.065971715156383,-2.8931766181176113,4.743416490252569,4.743052008621451,4.682690747036221,4.804882845051588,0.01957958823120265,0.0097271373636032,True,True,0.02042583336300341,-7.683947464176555e-05,True,True
symmetric_sigma,AC,8.0,0.5,20000,4.0,3.9893830520629594,3.943164134977142,4.035601969148777,2.52487623459052,2.537325783856086,2.5050351437602374,2.5704025823449923,-4.0,-3.9725857357753833,-4.0613436775762155,-3.883827793974551,4.886205071423016,4.872632862321122,4.810622522506857,4.936152925973524,-0.0106169479370406,0.004930756246587009,True,True,0.02741426422461668,-0.002777658510747183,True,True
symmetric_sigma,AC,8.0,0.625,20000,5.0,4.990569698814951,4.945764598965804,5.0353747986640975,2.4494897427831783,2.4597100551793933,2.428407172184514,2.4917750483126997,-5.0,-5.04738306772237,-5.134124185642047,-4.960641949802692,4.743416490252569,4.761913279132969,4.701311984319956,4.823989992717677,-0.009430301185049395,0.004172425063761365,True,True,-0.04738306772236989,0.0038994654840893705,True,True
symmetric_sigma,AC,8.0,0.75,20000,6.000000000000001,5.998295687922243,5.9580150100154405,6.038576365829046,2.207940216581962,2.211328371332527,2.183186455530166,2.2401554393411955,-6.000000000000001,-6.08452845356137,-6.162542362781571,-6.00651454434117,4.286607049870561,4.282807037566103,4.228302968151793,4.3386380807257074,-0.0017043120777575638,0.0015345319248769584,True,True,-0.08452845356136951,-0.0008864848725923524,False,True
symmetric_sigma,AC,8.0,0.875,20000,7.000000000000001,6.969547959277124,6.937596011570386,7.001499906983862,1.7320508075688774,1.754097799613,1.731774713984578,1.776964370321732,-7.000000000000001,-6.984361747608246,-7.046766704104238,-6.921956791112255,3.391164991562634,3.425906861116951,3.3823079168433843,3.4705672794234697,-0.030452040722876994,0.012728836791495723,True,True,0.015638252391754648,0.010244818415133583,True,True
symmetric_sigma,AC,8.0,1.0,20000,8.0,7.998931533595751,7.987776913263747,8.010086153927755,0.6123724356957946,0.6123662682310098,0.6045731425314655,0.6203491278955257,-8.0,-8.001854805149474,-8.026850117559054,-7.976859492739894,1.3693063937629155,1.3721924841857998,1.3547296207525779,1.3900805041539839,-0.0010684664042486247,-1.0071427819502432e-05,True,True,-0.0018548051494740037,0.002107702436817682,True,True
symmetric_sigma,AC,12.0,0.125,20000,1.5000000000000002,1.4882411390947385,1.4430611520049788,1.5334211261844983,2.5062422069704278,2.480290612267708,2.4487258159757115,2.512623895324181,-1.5000000000000002,-1.4925592731532342,-1.5804722425618216,-1.4046463037446468,4.850901977983065,4.826245573897462,4.764825570272992,4.889160928843793,-0.011758860905261681,-0.010354783201137696,True,True,0.007440726846765999,-0.0050828493747165915,True,True
symmetric_sigma,AC,12.0,0.25,20000,3.0000000000000004,2.9955133505510982,2.93681338531581,3.0542133157863867,3.24037034920393,3.2225102770453384,3.1814998083765875,3.2645191998807297,-3.0000000000000004,-3.02039758387455,-3.1348316367608886,-2.9059635309882115,6.244997998398398,6.282199827411257,6.202250987207991,6.364095127999158,-0.004486649448902202,-0.0055117379292708435,True,True,-0.020397583874549596,0.005957060198001685,True,True
symmetric_sigma,AC,12.0,0.375,20000,4.500000000000001,4.490018400647126,4.4242079256659395,4.555828875628313,3.6098822695484136,3.6128629908730563,3.5668847963124053,3.6599605854655506,-4.500000000000001,-4.497639152305374,-4.624699593420285,-4.370578711190463,6.948471054843648,6.9753631992368685,6.886592989263249,7.06629463752362,-0.009981599352874682,0.0008257115058258879,True,True,0.0023608476946268553,0.0038702247128847844,True,True
symmetric_sigma,AC,12.0,0.5,20000,6.000000000000001,6.0436773967519635,5.975603848906215,6.111750944597712,3.7249161064378353,3.7371011490137067,3.6895418686988273,3.7858183229868216,-6.000000000000001,-6.02450470606673,-6.154056924126797,-5.894952488006663,7.167635593415726,7.112156752379277,7.021645673566481,7.204871443262388,0.04367739675196258,0.0032712260431346785,True,True,-0.024504706066728943,-0.0077401871667991395,True,True
symmetric_sigma,AC,12.0,0.625,20000,7.500000000000001,7.461867152279146,7.395818573634604,7.527915730923689,3.6098822695484136,3.625934404102883,3.5797898594807482,3.6732023987693916,-7.500000000000001,-7.576248056821306,-7.7025729659874544,-7.449923147655158,6.948471054843648,6.934983971506806,6.846727637645696,7.025389022686602,-0.03813284772085446,0.004446719686644451,True,True,-0.07624805682130553,-0.0019410145383624844,True,True
symmetric_sigma,AC,12.0,0.75,20000,9.000000000000002,9.052966215417994,8.994307261557678,9.11162516927831,3.24037034920393,3.220258834871667,3.1792770186169617,3.262238407712051,-9.000000000000002,-8.88098568946169,-8.99557001948874,-8.76640135943464,6.244997998398398,6.290449740821013,6.210395910164242,6.37245258799404,0.0529662154179924,-0.0062065480685575825,True,True,0.11901431053831146,0.007278103601357611,False,True
symmetric_sigma,AC,12.0,0.875,20000,10.500000000000002,10.500314725173743,10.454828392020001,10.545801058327484,2.5062422069704278,2.4971083963252148,2.4653295727231797,2.5296609174700087,-10.500000000000002,-10.458169158574645,-10.54703572788088,-10.36930258926841,4.850901977983065,4.8785962943457974,4.816510062409806,4.942194097814126,0.00031472517374098175,-0.0036444245571356504,True,True,0.04183084142535698,0.00570910657202095,True,True
symmetric_sigma,AC,12.0,1.0,20000,12.000000000000002,11.999092644762458,11.987899648162182,12.010285641362733,0.6123724356957946,0.6144730483356122,0.6066531112275559,0.6224833721678844,-12.000000000000002,-12.008096496933236,-12.032849127968705,-11.983343865897767,1.3693063937629155,1.3588697638232836,1.3415764486487285,1.376584107655924,-0.0009073552375440386,0.0034302860765293985,True,True,-0.00809649693323422,-0.007621836856360198,True,True
symmetric_sigma,BC,1.0,0.125,20000,0.0,-0.0012158380288909568,-0.012357558194979464,0.009925882137197552,0.6123724356957946,0.6116580750136298,0.603873961957415,0.6196317026100795,0.0,-0.006474920625514594,-0.0325345182936187,0.01958467704258951,1.4279574573494829,1.4306196087940424,1.412413187216035,1.4492692898146813,-0.0012158380288909568,-0.0011665461090735185,True,True,-0.006474920625514594,0.0018643072528932159,True,True
symmetric_sigma,BC,1.0,0.25,20000,0.0,-0.0008250274397081977,-0.011978439718062837,0.010328384838646442,0.6123724356957946,0.6122999485102656,0.604507666812011,0.6202819436251628,0.0,0.0023957260529425158,-0.024517628755313683,0.029309080861198714,1.4684175155588415,1.477489162246299,1.458686267053587,1.4967498388216551,-0.0008250274397081977,-0.0001183710782909353,True,True,0.0023957260529425158,0.006177838789947376,True,True
symmetric_sigma,BC,1.0,0.375,20000,0.0,-0.00044503109891544645,-0.01170779939288953,0.010817737195058635,0.6123724356957946,0.6183033742836516,0.6104346914932612,0.6263636305764443,0.0,0.0022567252089722026,-0.02470238521596531,0.029215835633909712,1.4921670482891651,1.4800010537678194,1.461166191617771,1.4992944755784197,-0.00044503109891544645,0.009685182157355143,True,True,0.0022567252089722026,-0.00815323896563358,True,True
symmetric_sigma,BC,1.0,0.5,20000,0.0,0.0009836372185634268,-0.010239618045130896,0.01220689248225775,0.6123724356957946,0.6161341882263286,0.6082931110381529,0.6241661668219649,0.0,0.00921719511368801,-0.018033301565383818,0.03646769179275984,1.5,1.4959975742900002,1.4769591364342802,1.5154995281264059,0.0009836372185634268,0.00614291615895457,True,True,0.00921719511368801,-0.002668283806666505,True,True
symmetric_sigma,BC,1.0,0.625,20000,0.0,-6.0881781803736857e-05,-0.011210461428014372,0.011088697864406898,0.6123724356957946,0.6120895446978838,0.6042999406509673,0.6200687969704752,0.0,-0.020916698018826015,-0.048100745553000854,0.0062673495153488246,1.4921670482891651,1.4923496496025987,1.4733576361453247,1.511804048777102,-6.0881781803736857e-05,-0.00046195906513879503,True,True,-0.020916698018826015,0.00012237323806529865,True,True
symmetric_sigma,BC,1.0,0.75,20000,0.0,-0.0025689223579744395,-0.013776391494342115,0.008638546778393236,0.6123724356957946,0.6152675615198057,0.6074375132390157,0.6232882426947012,0.0,-0.017256191092813178,-0.04422321877637103,0.00971083659074468,1.4684175155588415,1.480435695375661,1.461595301868221,1.4997347832118733,-0.0025689223579744395,0.004727720673321167,True,True,-0.017256191092813178,0.008184443245520479,True,True
symmetric_sigma,BC,1.0,0.875,20000,0.0,0.0014650007340634471,-0.009680001238356772,0.012610002706483665,0.6123724356957946,0.6118382395944574,0.6040518337188994,0.6198142158319735,0.0,0.005155389134849353,-0.020681336435307937,0.030992114705006645,1.4279574573494829,1.4183843779345102,1.4003336649528089,1.436874559426874,0.0014650007340634471,-0.0008723385805734507,True,True,0.005155389134849353,-0.006704036850468831,True,True
symmetric_sigma,BC,1.0,1.0,20000,0.0,-0.0013633483438428573,-0.012589036093953985,0.00986233940626827,0.6123724356957946,0.6162677268484642,0.6084249502145123,0.6243014462651346,0.0,0.01378399109350068,-0.011209607613872295,0.03877758980087365,1.3693063937629155,1.3720984053741365,1.3546367392113112,1.3899851989227905,-0.0013633483438428573,0.006360983815745458,True,True,0.01378399109350068,0.002038996987042685,True,True
symmetric_sigma,BC,2.0,0.125,20000,0.0,-0.001686411870852672,-0.012945816978150074,0.00957299323644473,0.6123724356957946,0.6181187420852203,0.6102524089701881,0.626176591496697,0.0,0.0013537723378045997,-0.027802651865087267,0.030510196540696467,1.590990257669732,1.6006291700361823,1.5802591644242083,1.621495110409157,-0.001686411870852672,0.009383679039858484,True,True,0.0013537723378045997,0.00605843582007104,True,True
symmetric_sigma,BC,2.0,0.25,20000,0.0,-0.00472468093595167,-0.01587684612854193,0.006427484256638592,0.6123724356957946,0.6122314860047776,0.6044400755774251,0.6202125886365287,0.0,-0.010781712613230599,-0.04214383195718339,0.020580406730722194,1.7320508075688774,1.7217174063171945,1.6998064016413759,1.7441618634168456,-0.00472468093595167,-0.00023016988159629825,True,True,-0.010781712613230599,-0.005965991994303588,True,True
symmetric_sigma,BC,2.0,0.375,20000,0.0,0.004058031343057039,-0.007110862508778016,0.015226925194892094,0.6123724356957946,0.6131498558218884,0.6053467579914331,0.6211429304020477,0.0,-0.004190739970360271,-0.03719496156998947,0.02881348162926893,1.81142209327368,1.8118655243555228,1.788807272269295,1.8354851601229984,0.004058031343057039,0.0012695217497999955,True,True,-0.004190739970360271,0.0002447972140173782,True,True
symmetric_sigma,BC,2.0,0.5,20000,0.0,0.0023980351662470593,-0.008744837377270895,0.013540907709765014,0.6123724356957946,0.6117213382216153,0.6039364200620538,0.619695790522719,0.0,0.00692411740102076,-0.026505297821686258,0.040353532623727775,1.8371173070873836,1.8352078008732386,1.811852489160357,1.859131728577351,0.0023980351662470593,-0.0010632377230360701,True,True,0.00692411740102076,-0.0010394035300730353,True,True
symmetric_sigma,BC,2.0,0.625,20000,0.0,0.012723960841251313,0.0015701379305478116,0.023877783751954814,0.6123724356957946,0.6123224914020543,0.6045299228173422,0.6203047803880396,0.0,-0.015040818822066867,-0.0482621192652464,0.018180481621112663,1.81142209327368,1.823782717176099,1.8005728039248876,1.847557706500452,0.012723960841251313,-8.155869015158412e-05,False,True,-0.015040818822066867,0.006823712677634486,True,True
symmetric_sigma,BC,2.0,0.75,20000,0.0,0.003383580953295216,-0.007792074388135275,0.014559236294725707,0.6123724356957946,0.6135210480299602,0.605713226314983,0.6215189615038654,0.0,-0.0028480776719252213,-0.03456939014810117,0.028873234804250726,1.7320508075688774,1.7414363883539568,1.7192744349997866,1.764137903809845,0.003383580953295216,0.0018756760873153144,True,True,-0.0028480776719252213,0.005418767592766605,True,True
symmetric_sigma,BC,2.0,0.875,20000,0.0,-0.0018177302067021086,-0.013041941029960513,0.009406480616556296,0.6123724356957946,0.616186646528531,0.6083449017429315,0.6242193089751343,0.0,-0.010530163507862279,-0.039384095352549234,0.018323768336824676,1.590990257669732,1.584022946691147,1.5638642760148749,1.6046724068995564,-0.0018177302067021086,0.006228580207733536,True,True,-0.010530163507862279,-0.004379229190749179,True,True
symmetric_sigma,BC,2.0,1.0,20000,0.0,-0.005468289507710401,-0.016617176488645066,0.005680597473224264,0.6123724356957946,0.6120515187644541,0.6042623986450404,0.6200302753276866,0.0,0.0060673439302202994,-0.01906140554829389,0.03119609340873449,1.3693063937629155,1.3795179114540368,1.3619618228082813,1.3975014263260042,-0.005468289507710401,-0.0005240551544026806,True,True,0.0060673439302202994,0.007457438114386816,True,True
symmetric_sigma,BC,4.0,0.125,20000,0.0,-0.000975562247084185,-0.01218053502746256,0.010229410533294188,0.6123724356957946,0.61513051658633,0.607302212373508,0.6231494112316134,0.0,0.026602313770601158,-0.012090121028151022,0.06529474856935334,2.121320343559643,2.124137012400275,2.0971047155552682,2.1518274463086935,-0.000975562247084185,0.004503927234088545,True,True,0.026602313770601158,0.0013277904250452721,True,True
symmetric_sigma,BC,4.0,0.25,20000,0.0,0.00044498463709451494,-0.010637145488830421,0.011527114763019451,0.6123724356957946,0.6083867014094558,0.6006442206687851,0.6163176830965093,0.0,-0.005379996585687098,-0.05104839191833522,0.04028839874696102,2.5248762345905194,2.5071032445374635,2.4751972240068794,2.5397860593884682,0.00044498463709451494,-0.00650867683456402,True,True,-0.005379996585687098,-0.007039152972952878,True,True
symmetric_sigma,BC,4.0,0.375,20000,0.0,-0.009454431089074749,-0.020646632276081774,0.0017377700979322765,0.6123724356957946,0.6144293817436015,0.6066100003474747,0.6224391363344015,0.0,0.008820470117959356,-0.040875016277368836,0.058515956513287545,2.7386127875258306,2.7281824612638546,2.6934629315396914,2.763747283915462,-0.009454431089074749,0.003358978830374282,True,True,0.008820470117959356,-0.0038086166505485464,True,True
symmetric_sigma,BC,4.0,0.5,20000,0.0,-0.0002843240666524977,-0.011386132386213797,0.0108174842529088,0.6123724356957946,0.6094669947447702,0.6017107659219609,0.6174120592292273,0.0,-0.019326688568659576,-0.07048271634679565,0.03182933920947649,2.806243040080456,2.808363251785327,2.7726233213440774,2.8449733181607146,-0.0002843240666524977,-0.004744565205197615,True,True,-0.019326688568659576,0.000755533884481574,True,True
symmetric_sigma,BC,4.0,0.625,20000,0.0,-0.003204520447149437,-0.014280505746213264,0.007871464851914391,0.6123724356957946,0.6080493627478192,0.6003111750630038,0.6159759468588875,0.0,0.018063280827554852,-0.031862348138612016,0.06798890979372171,2.7386127875258306,2.7408168264928725,2.705936508688974,2.776546351822936,-0.003204520447149437,-0.00705954856224611,True,True,0.018063280827554852,0.000804801239912889,True,True
symmetric_sigma,BC,4.0,0.75,20000,0.0,-0.007782362548734916,-0.018857483255113827,0.003292758157643993,0.6123724356957946,0.6080018983447069,0.6002643147037111,0.6159278637057088,0.0,-0.05553671197043581,-0.10149544825028256,-0.00957797569058906,2.5248762345905194,2.523042379806869,2.490933513869637,2.555932978604558,-0.007782362548734916,-0.007137057607960129,True,True,-0.05553671197043581,-0.0007263147232829947,False,True
symmetric_sigma,BC,4.0,0.875,20000,0.0,0.0030151734100997965,-0.008117103345083004,0.014147450165282599,0.6123724356957946,0.611139650708402,0.6033621352490601,0.6191065200807463,0.0,0.010971905066003233,-0.02798369486288621,0.04992750499489268,2.121320343559643,2.138584249856516,2.111368093868136,2.166463019202623,0.0030151734100997965,-0.002013129454450091,True,True,0.010971905066003233,0.008138283474858898,True,True
symmetric_sigma,BC,4.0,1.0,20000,0.0,-0.0033433912908448823,-0.014502283363173434,0.007815500781483669,0.6123724356957946,0.6126007782011562,0.6048046680693041,0.6205866949579365,0.0,0.0008972432966605665,-0.024106315129559214,0.025900801722880347,1.3693063937629155,1.3726451739490695,1.3551765494731332,1.3905390952201815,-0.0033433912908448823,0.00037288174981653377,True,True,0.0008972432966605665,0.0024383002966770206,True,True
symmetric_sigma,BC,8.0,0.125,20000,0.0,0.0002613872754589265,-0.010856657484892404,0.011379432035810258,0.6123724356957946,0.6103583427566266,0.6025907704169405,0.6183150269309001,0.0,0.0042241695017552795,-0.059654384919078624,0.06810272392258918,3.517811819867572,3.50680442959083,3.4621759627053703,3.552519435600543,0.0002613872754589265,-0.0032889999970027173,True,True,0.0042241695017552795,-0.003129044656276281,True,True
symmetric_sigma,BC,8.0,0.25,20000,0.0,0.0041527421285928985,-0.006988357942163798,0.015293842199349594,0.6123724356957946,0.6116240330244821,0.6038403531951028,0.6195972168466154,0.0,-0.026602673664443452,-0.10741780010370265,0.05421245277481575,4.4581386250317525,4.4365882406804396,4.380127113360965,4.4944239889114845,0.0041527421285928985,-0.0012221364445675897,True,True,-0.026602673664443452,-0.004833942181678874,True,True
symmetric_sigma,BC,8.0,0.375,20000,0.0,-0.002295067411355444,-0.013396850659771121,0.008806715837060233,0.6123724356957946,0.6094656183891948,0.6017094070822295,0.6174106649313615,0.0,0.018977855588148743,-0.07069725864264575,0.10865296981894323,4.937104414532875,4.922983787905645,4.8603326696675415,4.9871602305811455,-0.002295067411355444,-0.004746812784440557,True,True,0.018977855588148743,-0.0028601028946572127,True,True
symmetric_sigma,BC,8.0,0.5,20000,0.0,-0.0009202410877092674,-0.01203817323832957,0.010197691062911036,0.6123724356957946,0.6103521607084077,0.6025846670430075,0.6183087642929657,0.0,-0.07487977607503779,-0.1676987094190054,0.017939157268929806,5.086747487343952,5.095573147384201,5.030725613957022,5.161999479885093,-0.0009202410877092674,-0.003299095239470362,True,True,-0.07487977607503779,0.0017350301075897967,True,True
symmetric_sigma,BC,8.0,0.625,20000,0.0,-0.0005349163207911661,-0.011722698741423286,0.010652866099840954,0.6123724356957946,0.6141868003383499,0.6063705060936251,0.6221933926169589,0.0,-0.0064000885985951664,-0.09606012221835039,0.08325994502116005,4.937104414532875,4.922155892627286,4.859515310390763,4.9863215427882945,-0.0005349163207911661,0.00296284505440525,True,True,-0.0064000885985951664,-0.0030277913227005904,True,True
symmetric_sigma,BC,8.0,0.75,20000,0.0,-7.766680081103613e-05,-0.01122762410684141,0.011072290505219337,0.6123724356957946,0.6121102774640014,0.6043204095667377,0.620089800010726,0.0,-0.01578820460729599,-0.09702490683945876,0.06544849762486678,4.4581386250317525,4.4597319055827915,4.4029762462175634,4.517869356632269,-7.766680081103613e-05,-0.00042810259984238375,True,True,-0.01578820460729599,0.00035738694667153403,True,True
symmetric_sigma,BC,8.0,0.875,20000,0.0,0.002454469842490749,-0.008747593098448136,0.013656532783429636,0.6123724356957946,0.6149707722413256,0.6071445009748382,0.6229875844455037,0.0,-0.008745179218785057,-0.0733538696289924,0.05586351119142229,3.517811819867572,3.546887429980447,3.5017488568454165,3.59312496145187,0.002454469842490749,0.004243065811051272,True,True,-0.008745179218785057,0.008265254539388422,True,True
symmetric_sigma,BC,8.0,1.0,20000,0.0,0.0049120757238566405,-0.006264163841730885,0.016088315289444165,0.6123724356957946,0.6135531207636082,0.6057448908830317,0.6215514523404447,0.0,0.01594961978821897,-0.008990140179060618,0.040889379755498556,1.3693063937629155,1.3691427666006093,1.3517187146332086,1.3869910301864419,0.0049120757238566405,0.0019280506420444876,True,True,0.01594961978821897,-0.0001194963837541918,True,True
symmetric_sigma,BC,12.0,0.125,20000,0.0,0.005079944147889982,-0.005994218331875772,0.016154106627655734,0.6123724356957946,0.6079492936268632,0.6002123794466132,0.6158745732282112,0.0,-0.002106032096738423,-0.09348045751378278,0.08926839332030595,5.04975246918104,5.016272561410682,4.952434226998211,5.081665124610451,0.005079944147889982,-0.007222960752480079,True,True,-0.002106032096738423,-0.006630009683580962,True,True
symmetric_sigma,BC,12.0,0.25,20000,0.0,0.005396749036389462,-0.005724056962017405,0.01651755503479633,0.6123724356957946,0.6105099291839041,0.6027404277175771,0.6184685894519614,0.0,0.08627024997266217,-0.03275651276560827,0.2052970127109326,6.509608283145768,6.534330380436535,6.451172863997562,6.619512476732097,0.005396749036389462,-0.003041460397828377,True,True,0.08627024997266217,0.003797785706211476,True,True
symmetric_sigma,BC,12.0,0.375,20000,0.0,0.0011838963177160464,-0.009961992528743482,0.012329785164175575,0.6123724356957946,0.6118869271992058,0.6040999017130593,0.6198635381325507,0.0,-0.05194905351344457,-0.18384919971131888,0.07995109268442976,7.245688373094721,7.241053294711445,7.148901846386571,7.335448292074617,0.0011838963177160464,-0.000792832054952175,True,True,-0.05194905351344457,-0.0006397015914301196,True,True
symmetric_sigma,BC,12.0,0.5,20000,0.0,0.003936526146034523,-0.007249050437448967,0.015122102729518014,0.6123724356957946,0.6140657043061385,0.6062509511596904,0.6220707179663925,0.0,0.024948983357760444,-0.11092605888181167,0.16082402559733255,7.474958193863029,7.4592671095444665,7.364338617844419,7.556506761081199,0.003936526146034523,0.0027650960618761378,True,True,0.024948983357760444,-0.0020991534549912316,True,True
symmetric_sigma,BC,12.0,0.625,20000,0.0,0.002485567352021852,-0.008670822783185936,0.01364195748722964,0.6123724356957946,0.6124634268747652,0.6046690647101135,0.6204475531077688,0.0,0.05154626399016512,-0.0811122033373935,0.18420473131772375,7.245688373094721,7.282683602734853,7.190002356737952,7.377621296395947,0.002485567352021852,0.00014858797304806437,True,True,0.05154626399016512,0.005105826766923283,True,True
symmetric_sigma,BC,12.0,0.75,20000,0.0,-7.551669110920928e-05,-0.011271466302189052,0.011120432919970634,0.6123724356957946,0.6146351627018859,0.6068131624860139,0.6226475998710655,0.0,0.052179324069276535,-0.06654934741777874,0.1709079955563318,6.509608283145768,6.5179657690319495,6.435016512714927,6.602934534837109,-7.551669110920928e-05,0.0036950177280927754,True,True,0.052179324069276535,0.0012838692472203483,True,True
symmetric_sigma,BC,12.0,0.875,20000,0.0,0.0028844789795072446,-0.008325488866434892,0.014094446825449379,0.6123724356957946,0.6154047356603826,0.607572941667303,0.6234272050492452,0.0,-0.033928723565545264,-0.12578654780213738,0.05792910067104685,5.04975246918104,5.042810186393255,4.97863412755345,5.1085486963687625,0.0028844789795072446,0.0049517251068667,True,True,-0.033928723565545264,-0.0013747768489948964,True,True
symmetric_sigma,BC,12.0,1.0,20000,0.0,0.004007024288625628,-0.007199281910884651,0.015213330488135907,0.6123724356957946,0.6152037186204191,0.6073744828202732,0.6232235675337535,0.0,-0.007208590068272164,-0.03192135886974368,0.017504178733199347,1.3693063937629155,1.3566814071827116,1.33941594157999,1.3743672234088136,0.004007024288625628,0.004623465655190007,True,True,-0.007208590068272164,-0.00921998658423695,True,True
symmetric_sigma,ABC,1.0,0.125,20000,0.125,0.12801845504762424,0.11627283996243014,0.13976407013281836,0.6449927325171968,0.6448106940189874,0.6366046724733906,0.653216502025693,0.0,-0.0060178464412488355,-0.032098029205412035,0.020062336322914362,1.442247594901791,1.4317496892521566,1.4135288859886816,1.4504141020994405,0.003018455047624241,-0.00028223340982302947,True,True,-0.0060178464412488355,-0.007278851208865622,True,True
symmetric_sigma,ABC,1.0,0.25,20000,0.25,0.25645020680194486,0.24427330530587704,0.2686271082980127,0.667317390751957,0.6684874523581055,0.6599801144868601,0.6772019126354167,0.0,-0.005010065010945098,-0.032214905340734505,0.022194775318844305,1.4921670482891651,1.493491132349443,1.4744845920983343,1.5129604119918136,0.006450206801944858,0.001753380958392281,True,True,-0.005010065010945098,0.0008873564536866496,True,True
symmetric_sigma,ABC,1.0,0.375,20000,0.37500000000000006,0.37678032144792634,0.3643660540914433,0.3891945888044094,0.6803606580336639,0.6815183616872977,0.6728451892172997,0.6904026940262699,0.0,0.011308570577596199,-0.01647109342249351,0.03908823457768591,1.5213326805797607,1.5250477981431405,1.5056396599008501,1.544928453211592,0.0017803214479262808,0.0017016028777734338,True,True,0.011308570577596199,0.0024420152217883295,True,True
symmetric_sigma,ABC,1.0,0.5,20000,0.5,0.5080179206236689,0.49548823693872146,0.5205476043086164,0.6846531968814576,0.6878544864724594,0.6791006788998104,0.6968214170824352,0.0,0.014394522094901148,-0.013529284744253628,0.042318328934055925,1.5309310892394863,1.5329609507044375,1.5134521077111034,1.5529447623144523,0.008017920623668906,0.00467578272559499,True,True,0.014394522094901148,0.001325899956711618,True,True
symmetric_sigma,ABC,1.0,0.625,20000,0.625,0.6109824911760536,0.5985922911051827,0.6233726912469245,0.6803606580336639,0.6801971160116816,0.6715407580433377,0.6890642244776909,0.0,0.0007194072395497949,-0.02698978199497715,0.02842859647407674,1.5213326805797607,1.5211788749608512,1.5018199735989146,1.5410090944118966,-0.014017508823946367,-0.00024037548328392777,False,True,0.0007194072395497949,-0.00010109926702606131,True,True
symmetric_sigma,ABC,1.0,0.75,20000,0.7500000000000001,0.7512088104787491,0.7390050309234323,0.7634125900340659,0.667317390751957,0.6699630038649859,0.6614368877576328,0.6786966995594295,0.0,0.001976939267858307,-0.02508433708442387,0.02903821562014048,1.4921670482891651,1.4856097581258612,1.4667035182067527,1.5049762954918289,0.0012088104787489895,0.003964549927355732,True,True,0.001976939267858307,-0.004394474580324048,True,True
symmetric_sigma,ABC,1.0,0.875,20000,0.8750000000000001,0.872962499324029,0.861210565780093,0.884714432867965,0.6449927325171968,0.6451575647223884,0.6369471288137978,0.6535678945656003,0.0,0.007553663394655002,-0.01846657269585478,0.03357389948516479,1.442247594901791,1.4284587371851751,1.41027981539764,1.4470802488965273,-0.0020375006759710823,0.0002555566859618885,True,True,0.007553663394655002,-0.009560673053197077,True,True
symmetric_sigma,ABC,1.0,1.0,20000,1.0,1.0074248292104413,0.9962661950044163,1.0185834634164663,0.6123724356957946,0.6125866218586442,0.6047906918839339,0.6205723540721184,0.0,0.009632253851682976,-0.015516789659631379,0.03478129736299733,1.3693063937629155,1.3806320131234175,1.363061746142241,1.3986300515211572,0.007424829210441297,0.0003497645392975812,True,True,0.009632253851682976,0.008271062935285567,True,True
symmetric_sigma,ABC,2.0,0.125,20000,0.25,0.2567177786767715,0.24332447046441052,0.27011108688913243,0.7342087577794206,0.735265739680925,0.7259085646875103,0.7448507274905165,0.0,-0.004999665271168071,-0.03478143145523008,0.024782100912893932,1.6417406920704622,1.6349591897033355,1.6141522917078102,1.656272659183481,0.00671777867677148,0.0014396203944790908,True,True,-0.004999665271168071,-0.0041306781271129855,True,True
symmetric_sigma,ABC,2.0,0.25,20000,0.5,0.5043075059815914,0.4895609291358563,0.5190540828273263,0.8100925873009825,0.8095574715613623,0.7992548414783758,0.820110932816672,0.0,-0.01060023552699666,-0.043474676764569134,0.022274205710575812,1.81142209327368,1.8047408429556258,1.7817732613399955,1.828267600759829,0.004307505981591353,-0.0006605612099268576,True,True,-0.01060023552699666,-0.0036884005902675376,True,True
symmetric_sigma,ABC,2.0,0.375,20000,0.7500000000000001,0.7446497017475561,0.7289771088184038,0.7603222946767083,0.8523863560616161,0.8603938959708175,0.8494443088849858,0.8716100652539205,0.0,0.009160603659950771,-0.025284691124728823,0.043605898444630364,1.9059938352471133,1.8909775498939572,1.8669124984600975,1.9156284968724064,-0.005350298252444041,0.009394261008822014,True,True,0.009160603659950771,-0.00787845431368317,True,True
symmetric_sigma,ABC,2.0,0.5,20000,1.0,1.0002392680359946,0.9843795053311027,1.0160990307408866,0.8660254037844387,0.8706691409978882,0.8595887885837817,0.8820192592643449,0.0,-0.0007539496007169497,-0.03637448524010143,0.034866586038667526,1.9364916731037087,1.95549591403795,1.9306097858273508,1.980987927994555,0.00023926803599461088,0.005362125860461919,True,True,-0.0007539496007169497,0.009813747819417351,True,True
symmetric_sigma,ABC,2.0,0.625,20000,1.25,1.2442929562604645,1.2287529488317657,1.2598329636891634,0.8523863560616161,0.853115218103023,0.8422582612852073,0.8642365019115723,0.0,0.0004247472934514076,-0.034523405321509146,0.035372899908411956,1.9059938352471133,1.9185834355103757,1.8941670646982012,1.9435942552026293,-0.005707043739535456,0.0008550841249672647,True,True,0.0004247472934514076,0.0066052680918720075,True,True
symmetric_sigma,ABC,2.0,0.75,20000,1.5000000000000002,1.4961926754153594,1.4814107771136926,1.5109745737170261,0.8100925873009825,0.811496548599724,0.8011692413392296,0.8220752878311063,0.0,-0.01645732531729117,-0.04967741984022038,0.01676276920563804,1.81142209327368,1.8237165145747116,1.8005074438342996,1.8474906408762242,-0.0038073245846408366,0.001733087452903348,True,True,-0.01645732531729117,0.006787165369509518,True,True
symmetric_sigma,ABC,2.0,0.875,20000,1.7500000000000002,1.756496815392688,1.7431364071640163,1.7698572236213599,0.7342087577794206,0.7334595966086438,0.7241254070419645,0.7430210393808482,0.0,0.025188790360976137,-0.004797636243112708,0.055175216965064985,1.6417406920704622,1.6461946359969977,1.6252447529126464,1.6676545717273004,0.006496815392687871,-0.0010203653427434123,True,True,0.025188790360976137,0.0027129399594270076,True,True
symmetric_sigma,ABC,2.0,1.0,20000,2.0,1.9996062345109409,1.9884648132660494,2.0107476557558326,0.6123724356957946,0.6116416648398704,0.6038577606236154,0.6196150785118749,0.0,0.0062189941704210595,-0.018931339137759663,0.03136932747860178,1.3693063937629155,1.380702820382681,1.3631316522906813,1.3987017818299796,-0.0003937654890591169,-0.001193343810607539,True,True,0.0062189941704210595,0.008322773246130621,True,True
symmetric_sigma,ABC,4.0,0.125,20000,0.5,0.506326871307204,0.48787857027520215,0.5247751723392058,1.0155048005794949,1.0127746998036178,0.9998858766427862,1.0259773184319425,0.0,-0.010546188166716375,-0.05221295304306378,0.03112057670963103,2.270737765573119,2.287421764000326,2.2583114647243328,2.317240792060646,0.006326871307203996,-0.0026884174002123062,True,True,-0.010546188166716375,0.0073473910903119055,True,True
symmetric_sigma,ABC,4.0,0.25,20000,1.0,0.9938722233193288,0.9716135529042169,1.0161308937344407,1.2247448713915892,1.2219563312951007,1.2064054105746531,1.2378858597733342,0.0,-0.014977938591259463,-0.0648619363838857,0.034906059201366774,2.738612787525831,2.7385313586217688,2.7036801262514185,2.774231090394889,-0.006127776680671215,-0.0022768334545626434,True,True,-0.014977938591259463,-2.9733631725203935e-05,True,True
symmetric_sigma,ABC,4.0,0.375,20000,1.5000000000000002,1.4972302309915073,1.4728813936385023,1.5215790683445123,1.334634781503914,1.3367023010942687,1.3196910945733895,1.3541276679644854,0.0,0.022196013161021298,-0.032187498236823125,0.07657952455886573,2.9843340965783303,2.9855456247529553,2.947550827288626,3.02446545587504,-0.002769769008492906,0.0015491276107948426,True,True,0.022196013161021298,0.0004059626487578072,True,True
symmetric_sigma,ABC,4.0,0.5,20000,2.0,1.989779807866724,1.9651104991675294,2.014449116565918,1.3693063937629153,1.3542955347947478,1.3370604323984716,1.371950248581936,0.0,0.002551788358412067,-0.052781678894919026,0.05788525561174317,3.0618621784789726,3.037696294600454,2.999037814718393,3.0772959663675925,-0.010220192133276074,-0.010962381419192035,True,True,0.002551788358412067,-0.007892544624762632,True,True
symmetric_sigma,ABC,4.0,0.625,20000,2.5,2.492420844266365,2.4681150175783655,2.5167266709543643,1.334634781503914,1.3343411019104632,1.317359944598686,1.3517356879837907,0.0,-0.006244882392965587,-0.060508559872917464,0.048018795086986296,2.9843340965783303,2.9789669831745584,2.9410559071420135,3.0178010545557363,-0.007579155733635101,-0.00022004491230165346,True,True,-0.006244882392965587,-0.001798429140331681,True,True
symmetric_sigma,ABC,4.0,0.75,20000,3.0000000000000004,3.0065188453739133,2.9844664724080583,3.0285712183397684,1.2247448713915892,1.2106310153823234,1.1952242234538655,1.2264129060622682,0.0,-0.0008613889979396094,-0.050772040739210815,0.049049262743331594,2.738612787525831,2.7399946069062944,2.7051247528737092,2.7757134137106756,0.006518845373912896,-0.011523915175271737,True,True,-0.0008613889979396094,0.0005045690967184768,True,True
symmetric_sigma,ABC,4.0,0.875,20000,3.5000000000000004,3.51449798881787,3.496126179853323,3.5328697977824164,1.0155048005794949,1.0085754388245156,0.995740056505143,1.0217233155233285,0.0,0.009691348716174733,-0.0318191969771423,0.051201894409491765,2.270737765573119,2.278845644393284,2.249844486952136,2.3085528734162617,0.014497988817869345,-0.006823563759644546,True,True,0.009691348716174733,0.0035705923172149046,True,True
symmetric_sigma,ABC,4.0,1.0,20000,4.0,3.996609028161697,3.9855347096705906,4.007683346652803,0.6123724356957946,0.6079578583363225,0.600220835159446,0.6158832495879641,0.0,-0.0018800348642624707,-0.026953958464009505,0.023193888735484565,1.3693063937629155,1.3765080807485668,1.3589902959582634,1.3944523592069984,-0.0033909718383031695,-0.0072089746404997435,True,True,-0.0018800348642624707,0.00525936855217668,True,True
symmetric_sigma,ABC,8.0,0.125,20000,1.0,0.9916345480378747,0.9603520738950553,1.022917022180694,1.7320508075688774,1.7173450446276952,1.6954896837161038,1.7397325032419946,0.0,-0.011233780599327675,-0.08097925091598669,0.058511689717331346,3.8729833462074175,3.828886337017435,3.7801589755318936,3.878800030644109,-0.008365451962125348,-0.008490376192730409,True,True,-0.011233780599327675,-0.011385798814023795,True,True
symmetric_sigma,ABC,8.0,0.25,20000,2.0,2.0021913293381797,1.9619892969052786,2.0423933617710808,2.207940216581962,2.207010892661515,2.178923922168414,2.23578167764461,0.0,-0.01666277671002242,-0.1065380631362923,0.07321250971624746,4.937104414532874,4.93397283967957,4.871181872030688,4.998292536584946,0.0021913293381796706,-0.00042090085296142554,True,True,-0.01666277671002242,-0.0006342938269821019,True,True
symmetric_sigma,ABC,8.0,0.375,20000,3.0000000000000004,2.962936952020463,2.9186275697524873,3.0072463342884386,2.4494897427831783,2.432496154908164,2.4015396027884344,2.4642063852825467,0.0,0.012830045819888395,-0.08646177654246599,0.11212186818224278,5.477225575051662,5.450921763014821,5.38155197457061,5.521980450819597,-0.03706304797953752,-0.006937603198821973,True,True,0.012830045819888395,-0.004802397066984598,True,True
symmetric_sigma,ABC,8.0,0.5,20000,4.0,3.994642253526245,3.9486879007128444,4.040596606339646,2.52487623459052,2.522801736296867,2.4906959328488996,2.555689198044935,0.0,0.0074689972239904085,-0.09531699090639749,0.11025498535437832,5.645794895318108,5.642744450678339,5.570933478918619,5.716303755639104,-0.005357746473754865,-0.0008216237553478889,True,True,0.0074689972239904085,-0.0005403038360991541,True,True
symmetric_sigma,ABC,8.0,0.625,20000,5.0,4.985040946098855,4.940405932619517,5.029675959578193,2.4494897427831783,2.4503726548504825,2.4191886019385866,2.4823159248250777,0.0,0.046033757977230055,-0.054869485832391054,0.14693700178685115,5.477225575051662,5.539385566249693,5.468889965404905,5.61159747584876,-0.014959053901145047,0.00036044734210682883,True,True,0.046033757977230055,0.011348809784494707,True,True
symmetric_sigma,ABC,8.0,0.75,20000,6.000000000000001,5.999309396814332,5.959010362647647,6.0396084309810165,2.207940216581962,2.2123360931579112,2.1841813528365286,2.2411762979155,0.0,-0.02720527365711873,-0.11734288711564139,0.06293233980140392,4.937104414532874,4.948374067244066,4.885399825985155,5.0128814997982,-0.0006906031856690475,0.0019909400367525976,True,True,-0.02720527365711873,0.002282644190796823,True,True
symmetric_sigma,ABC,8.0,0.875,20000,7.000000000000001,6.99130126468129,6.9596927485497595,7.022909780812821,1.7320508075688774,1.7352440954220147,1.713160946730496,1.7578648876113847,0.0,0.02857186970343271,-0.04186085899093116,0.09900459839779659,3.8729833462074175,3.8666154425844,3.817407931101269,3.917020976096179,-0.008698735318710682,0.0018436456016088787,True,True,0.02857186970343271,-0.0016441856454799675,True,True
symmetric_sigma,ABC,8.0,1.0,20000,8.0,8.000529616180634,7.9894626395311334,8.011596592830134,0.6123724356957946,0.6075548059676678,0.5998229121356545,0.6154749429937529,0.0,0.009782202766518424,-0.015147133182166332,0.03471153871520318,1.3693063937629155,1.3685705089013873,1.351153739628044,1.3864113124863318,0.0005296161806338517,-0.007867156402382669,True,True,0.009782202766518424,-0.0005374143178473734,True,True
symmetric_sigma,ABC,12.0,0.125,20000,1.5000000000000002,1.500980893576706,1.4551303162239153,1.5468314709294966,2.5062422069704278,2.517104671792976,2.4850713706072995,2.5499178661151696,0.0,0.019987379757510984,-0.08217434820988236,0.12214910772490432,5.604127942864974,5.60847382065775,5.537098985474142,5.681586370719916,0.0009808935767057214,0.004334164029453191,True,True,0.019987379757510984,0.0007754779757140895,True,True
symmetric_sigma,ABC,12.0,0.25,20000,3.0000000000000004,2.9953870866943144,2.9361770124251194,3.0545971609635094,3.24037034920393,3.2505142391871997,3.209147385119091,3.292888224096429,0.0,-0.07482418847518817,-0.20689197641763896,0.05724359946726264,7.24568837309472,7.250256490021599,7.157987919540247,7.3447714610352435,-0.004612913305686028,0.0031304724121308247,True,True,-0.07482418847518817,0.0006304600324575915,True,True
symmetric_sigma,ABC,12.0,0.375,20000,4.500000000000001,4.526073102431957,4.459559476804559,4.592586728059356,3.6098822695484136,3.651464550084336,3.604995102463648,3.6990653579431414,0.0,0.040661624017173166,-0.10676539062605978,0.1880886386604061,8.071942145481472,8.093447208999821,7.990447983349189,8.198954087192597,0.026073102431956485,0.011519012929228856,True,True,0.040661624017173166,0.0026641746348972095,True,True
symmetric_sigma,ABC,12.0,0.5,20000,6.000000000000001,5.9933815963899635,5.925664224853464,6.061098967926463,3.7249161064378353,3.717547784503294,3.6702373451768624,3.7660100591245773,0.0,-0.014579364381880438,-0.1666425426495355,0.13748381388577466,8.329165624478842,8.347963286920473,8.241725026249965,8.456788058729877,-0.006618403610037404,-0.0019781175532535,True,True,-0.014579364381880438,0.002256848199342576,True,True
symmetric_sigma,ABC,12.0,0.625,20000,7.500000000000001,7.473095395670028,7.407441980613311,7.538748810726745,3.6098822695484136,3.6042407162484578,3.558372250902905,3.6512259101228066,0.0,-0.03647323857347285,-0.18392376484718456,0.11097728770023887,8.071942145481472,8.094737950323847,7.991722298377539,8.200261654732218,-0.02690460432997277,-0.0015628081135902194,True,True,-0.03647323857347285,0.0028240793146832033,True,True
symmetric_sigma,ABC,12.0,0.75,20000,9.000000000000002,9.003079951892284,8.94435072680518,9.061809176979388,3.24037034920393,3.2241165841837107,3.1830856732501083,3.2661464469779613,0.0,0.05880072137214953,-0.07397442066178028,0.19157586340607935,7.24568837309472,7.289088809941456,7.196326049681796,7.384110002437977,0.0030799518922819402,-0.005016020784233022,True,True,0.05880072137214953,0.005989829345669051,True,True
symmetric_sigma,ABC,12.0,0.875,20000,10.500000000000002,10.468349711191271,10.422406212843077,10.514293209539465,2.5062422069704278,2.5222058479426344,2.4901076279183276,2.5550855416385514,0.0,0.02448218725616711,-0.07781372484474527,0.12677809935707948,5.604127942864974,5.615840260272293,5.544371677942814,5.689048839878739,-0.031650288808730664,0.006369552363218567,True,True,0.02448218725616711,0.0020899446848337,True,True
symmetric_sigma,ABC,12.0,1.0,20000,12.000000000000002,11.994173943991338,11.98304942716878,12.005298460813897,0.6123724356957946,0.6107136459819994,0.602941551964944,0.6186749619198655,0.0,-0.007165267278892277,-0.03212136252182037,0.01779082796403582,1.3693063937629155,1.3700395404478285,1.3526040759130182,1.3878994944551366,-0.005826056008663372,-0.0027087922595836478,True,True,-0.007165267278892277,0.0005354146363827361,True,True
asymmetric_sigma,A,1.0,0.125,20000,0.125,0.13276340359574482,0.11952291807261939,0.14600388911887024,0.7252693465189329,0.726876080766252,0.7176256746624551,0.7363517002562225,0.0,0.010363547473183153,-0.021556156765363883,0.04228325171173019,1.759549835895534,1.7523276979238922,1.7300271390505835,1.775171193433827,0.007763403595744817,0.002215362134124099,True,True,0.010363547473183153,-0.0041045373221645365,True,True
asymmetric_sigma,A,1.0,0.25,20000,0.25,0.24842709015500056,0.23470137077292522,0.26215280953707587,0.7451929280394441,0.7535144457289696,0.7439250331557529,0.7633373252497774,0.0,0.015615796272657419,-0.01675258338005086,0.0479841759253657,1.767855339104419,1.7769590776427164,1.7543450536942387,1.8001236699501721,-0.0015729098449994428,0.011166930571145928,True,True,0.015615796272657419,0.0051495947303636935,True,True
asymmetric_sigma,A,1.0,0.375,20000,0.37500000000000006,0.3668888855258494,0.35303888994793303,0.3807388811037658,0.7568953857700549,0.7603369594508202,0.7506607218681612,0.7702487778509005,0.0,-0.012325516785994469,-0.04468115898692815,0.020030125414939207,1.7728199640685456,1.7762598171051251,1.7536546921204683,1.7994152937917014,-0.008111114474150638,0.004546960842235714,True,True,-0.012325516785994469,0.001940328463294838,True,True
asymmetric_sigma,A,1.0,0.5,20000,0.5,0.5078040696496956,0.4939208181389306,0.5216873211604607,0.760756202735147,0.7621626434175479,0.7524631717258622,0.7720982615918062,0.0,0.0012515459930488564,-0.031175337570009364,0.03367842955610708,1.7744717523815363,1.7801708249000503,1.7575159274557743,1.803377285822685,0.0078040696496956,0.0018487403419706894,True,True,0.0012515459930488564,0.003211700896824654,True,True
asymmetric_sigma,A,1.0,0.625,20000,0.625,0.6311343024875549,0.6173907614496994,0.6448778435254103,0.7568953857700549,0.7544928188621632,0.7448909552686933,0.7643284525398,0.0,-0.003359151854370587,-0.035502590367966,0.028784286659224827,1.7728199640685456,1.7646102605758587,1.742153390750061,1.787613872635411,0.006134302487554866,-0.0031742390732734105,True,True,-0.003359151854370587,-0.004630872654347806,True,True
asymmetric_sigma,A,1.0,0.75,20000,0.7500000000000001,0.7507067416705548,0.7370967667673625,0.7643167165737472,0.7451929280394441,0.7471603061444503,0.7376517579347094,0.756900352551771,0.0,0.019241352471223504,-0.013018497902516708,0.05150120284496372,1.767855339104419,1.771001038052181,1.748462837599968,1.7940879608399483,0.0007067416705547336,0.002640092291511964,True,True,0.019241352471223504,0.0017793870788973543,True,True
asymmetric_sigma,A,1.0,0.875,20000,0.8750000000000001,0.874246019720162,0.8610548177762003,0.8874372216641238,0.7252693465189329,0.7241705111852813,0.7149545368340599,0.7336108606360645,0.0,-0.013380251258048507,-0.04555447983380192,0.0187939773177049,1.759549835895534,1.7663005731908201,1.7438221920255457,1.7893262203118943,-0.0007539802798380846,-0.0015150720748445812,True,True,-0.013380251258048507,0.0038366275041310516,True,True
asymmetric_sigma,A,1.0,1.0,20000,1.0,0.9980354487886895,0.985435147476468,1.0106357501009111,0.696419413859206,0.6917312524759655,0.6829281082132661,0.7007487209430435,0.0,-0.014426086191032453,-0.04617663340332608,0.01732446102126118,1.7478558292948534,1.7430413166909382,1.7208589386188866,1.7657637541315119,-0.00196455121131045,-0.006731807428028369,True,True,-0.014426086191032453,-0.002754525014719067,True,True
asymmetric_sigma,A,2.0,0.125,20000,0.25,0.25240272759539695,0.23769336647666311,0.2671120887141308,0.805644152216101,0.8075144028432069,0.7972377733617548,0.8180412304779074,0.0,-0.013517007339426325,-0.04622346663226408,0.01918945195341143,1.7941746013139301,1.7955189713395883,1.7726687495597575,1.8189255120273793,0.0024027275953969474,0.002321435117429216,True,True,-0.013517007339426325,0.0007492972114717666,True,True
asymmetric_sigma,A,2.0,0.25,20000,0.5,0.4997997046979269,0.48403399997485247,0.5155654094210014,0.8753570700005799,0.8655055465761553,0.8544909073511608,0.8767883517788925,0.0,0.02448913912339844,-0.008518233822619476,0.05749651206941636,1.826540445760783,1.8120385269473214,1.7889780731870066,1.8356604179915543,-0.00020029530207310575,-0.011254291262442373,True,True,0.02448913912339844,-0.007939555265320863,True,True
asymmetric_sigma,A,2.0,0.375,20000,0.7500000000000001,0.751774724924219,0.7350937065933792,0.7684557432550588,0.9146379064963358,0.9157544265528323,0.9041003075618299,0.9276922805032931,0.0,-0.002097996129236071,-0.035400475075554313,0.03120448281708217,1.84568754127019,1.8282392540682606,1.8049726258182206,1.8520723391931915,0.001774724924218929,0.0012207235765828717,True,True,-0.002097996129236071,-0.009453543360823491,True,True
asymmetric_sigma,A,2.0,0.5,20000,1.0,1.0020935444202184,0.9851569126705769,1.01903017616986,0.9273618495495703,0.9297870902134916,0.9179543880485287,0.9419078751817662,0.0,0.015242465473532002,-0.01836645805925878,0.048851389006322785,1.8520259177452132,1.8450624468128283,1.8215817224204505,1.8691148405341929,0.002093544420218363,0.002615204264763804,True,True,0.015242465473532002,-0.003759920887534185,True,True
asymmetric_sigma,A,2.0,0.625,20000,1.25,1.25770420952496,1.2410325217305778,1.2743758973193422,0.9146379064963358,0.915242198828267,0.903594598574908,0.9271733753337841,0.0,0.0013303538222999732,-0.032360411507967445,0.035021119152567386,1.84568754127019,1.8495553972328698,1.8260174944340355,1.873666361444713,0.007704209524959982,0.0006606902334127529,True,True,0.0013303538222999732,0.002095617961433316,True,True
asymmetric_sigma,A,2.0,0.75,20000,1.5000000000000002,1.494043066447706,1.4781272256144524,1.5099589072809596,0.8753570700005799,0.8737477176927558,0.8626281865446083,0.8851379685514152,0.0,0.0005652599656575636,-0.032866713508712966,0.0339972334400281,1.826540445760783,1.8353482437550004,1.8119911447310142,1.859274002284673,-0.005956933552294208,-0.0018385095214037417,True,True,0.0005652599656575636,0.004822120426984933,True,True
asymmetric_sigma,A,2.0,0.875,20000,1.7500000000000002,1.7467400080798783,1.7319730541084026,1.761506962051354,0.805644152216101,0.8106761348663962,0.8003592683954768,0.8212441791133553,0.0,0.017922342726957724,-0.014879042704213932,0.05072372815812938,1.7941746013139301,1.8007302258116322,1.7778136843090147,1.8242047008636828,-0.0032599919201219407,0.006245912213790339,True,True,0.017922342726957724,0.003653838646975105,True,True
asymmetric_sigma,A,2.0,1.0,20000,2.0,1.9975027243158134,1.984796389111839,2.010209059519788,0.696419413859206,0.6975523003167864,0.6886750759489604,0.7066456524672489,0.0,-0.00345207220364745,-0.03528224260920751,0.028378098201912613,1.7478558292948534,1.747412470192712,1.7251744637321311,1.770191890368598,-0.0024972756841865618,0.001626730150014799,True,True,-0.00345207220364745,-0.0002536588514397975,True,True
asymmetric_sigma,A,4.0,0.125,20000,0.5,0.4914548848047518,0.4720033420821685,0.5109064275273352,1.0682930309610748,1.0678506550499358,1.054260921560557,1.081771248596916,0.0,0.00905610110912949,-0.026057817384977918,0.044170019603236896,1.9264604849308484,1.927683649573417,1.903151467169773,1.9528131004436946,-0.008545115195248199,-0.0004140960376208813,True,True,0.00905610110912949,0.0006349284878337524,True,True
asymmetric_sigma,A,4.0,0.25,20000,1.0,0.9991353099116866,0.9759125288085453,1.022358091014828,1.2688577540449522,1.2748840730395954,1.2586595806908487,1.2915035721393764,0.0,-0.0061611137402063035,-0.04334298040023704,0.031020752919824437,2.0445048300260873,2.0412098533858654,2.015232908227639,2.0678192416731696,-0.0008646900883133579,0.004749404710994609,True,True,-0.0061611137402063035,-0.001611625754965762,True,True
asymmetric_sigma,A,4.0,0.375,20000,1.5000000000000002,1.5186488492970978,1.4935336810991315,1.543764017495064,1.3752272539475066,1.378772326410401,1.3612257262656722,1.3967461217712196,0.0,-0.0010380445327743083,-0.03961028859624724,0.03753419953069863,2.1121671335384424,2.117538782263502,2.0905904561391537,2.1451432010728717,0.018648849297097536,0.002577808469631959,True,True,-0.0010380445327743083,0.002543193026614654,True,True
asymmetric_sigma,A,4.0,0.5,20000,2.0,2.0022395061860916,1.9764633667611504,2.028015645611033,1.4089002803605373,1.4150583201621982,1.397049935420389,1.4335051428776175,0.0,0.0035857241463884797,-0.03512545110239344,0.04229689939517041,2.1342445970413046,2.1251658254936943,2.0981204357169334,2.1528696710986277,0.002239506186091589,0.004370813099763948,True,True,0.0035857241463884797,-0.0042538571071920606,True,True
asymmetric_sigma,A,4.0,0.625,20000,2.5,2.5037804139331166,2.4787032232316686,2.5288576046345645,1.3752272539475066,1.376687438074675,1.359167370738353,1.3946340546507305,0.0,-0.018262735126462596,-0.05676121553433222,0.020235745281407033,2.1121671335384424,2.1134893056189883,2.0865925141433386,2.1410409351003934,0.0037804139331165665,0.0010617766067222423,True,True,-0.018262735126462596,0.0006259789102631697,True,True
asymmetric_sigma,A,4.0,0.75,20000,3.0000000000000004,3.001693894230852,2.9784951766393606,3.0248926118223434,1.2688577540449522,1.2735630345469253,1.2573553540631708,1.290165312474598,0.0,-0.012558537537801624,-0.04976978204625017,0.02465270697064692,2.0445048300260873,2.0428226383008887,2.0168251684400116,2.069453050991909,0.0016938942308515337,0.003708280527878971,True,True,-0.012558537537801624,-0.0008227868677508354,True,True
asymmetric_sigma,A,4.0,0.875,20000,3.5000000000000004,3.50677239892384,3.487473357540949,3.526071440306731,1.0682930309610748,1.0594786375802243,1.0459954484710392,1.0732900927829867,0.0,0.00092652573040289,-0.03402341908703756,0.035876470547843334,1.9264604849308484,1.9186818238294634,1.8942642009030266,1.9436939261203587,0.006772398923839518,-0.008250913490393863,True,True,0.00092652573040289,-0.00403779945772631,True,True
asymmetric_sigma,A,4.0,1.0,20000,4.0,4.002504038796557,3.9899645499023833,4.0150435276907315,0.696419413859206,0.6883927727793462,0.6796321148410427,0.6973667205361997,0.0,0.009670324666353241,-0.02232334329736652,0.041663992630073005,1.7478558292948534,1.7563881579862153,1.7340359246864965,1.7792845860048994,0.00250403879655714,-0.011525584899163333,True,True,0.009670324666353241,0.004881597525583148,True,True
asymmetric_sigma,A,8.0,0.125,20000,1.0,1.009094082695325,0.9768562449950728,1.041331920395577,1.76351920885484,1.7697925864584487,1.7472697650623015,1.7928637557666651,0.0,0.003380412364151107,-0.04001117308555424,0.04677199781385645,2.3832750575625967,2.382110951658716,2.3517956141889282,2.413164356163394,0.009094082695324968,0.0035573060798597123,True,True,0.003380412364151107,-0.0004884479868100255,True,True
asymmetric_sigma,A,8.0,0.25,20000,2.0,2.0158357291320748,1.975167905482758,2.0565035527813915,2.232711356176611,2.2325818955716543,2.204169502124546,2.2616860263615037,0.0,-0.008926661647164992,-0.059138935221504874,0.04128561192717489,2.748636025376951,2.756553040168547,2.7214724593887603,2.792487704141839,0.01583572913207476,-5.7983583322762655e-05,True,True,-0.008926661647164992,0.0028803430932657914,True,True
asymmetric_sigma,A,8.0,0.375,20000,3.0000000000000004,3.001628577662726,2.9566152792395983,3.0466418760858534,2.471841418861655,2.471139739023806,2.4396913990246363,2.5033537305047897,0.0,-0.018708899434476164,-0.07219235509722968,0.03477455622827735,2.9461839725312475,2.936134371362631,2.898768393819678,2.9744100731096563,0.0016285776627253945,-0.0002838692775737339,True,True,-0.018708899434476164,-0.003411056900150866,True,True
asymmetric_sigma,A,8.0,0.5,20000,4.0,4.0026793877637115,3.9561268921244954,4.0492318834029275,2.5465663156493688,2.5556385769253898,2.52311488366234,2.588954102569468,0.0,-0.029216715873863708,-0.0842892718832691,0.02585584013554168,3.009152704666216,3.023372790973542,2.9848965955673137,3.0627857403078975,0.0026793877637114605,0.0035625466418327534,True,True,-0.029216715873863708,0.0047256113939566635,True,True
asymmetric_sigma,A,8.0,0.625,20000,5.0,5.004346725573256,4.95905530913899,5.049638142007521,2.471841418861655,2.48640785963566,2.454765213729557,2.5188208876581846,0.0,-0.006118597127533841,-0.06003123818004992,0.04779404392498224,2.9461839725312475,2.959695787859623,2.922029961860042,2.998278638271019,0.004346725573255661,0.005892951167034477,True,True,-0.006118597127533841,0.004586208958555549,True,True
asymmetric_sigma,A,8.0,0.75,20000,6.000000000000001,5.996159956870702,5.955458412818882,6.036861500922522,2.232711356176611,2.234433077990211,2.205997125934425,2.2635613409542628,0.0,-0.0023190645570087542,-0.05275541688173968,0.04811728776772217,2.748636025376951,2.7688545138254432,2.733617381427007,2.8049495408738494,-0.0038400431292986426,0.0007711349740022744,True,True,-0.0023190645570087542,0.007355826039469715,True,True
asymmetric_sigma,A,8.0,0.875,20000,7.000000000000001,7.007511564635555,6.9756092552873445,7.039413873983766,1.76351920885484,1.7513727533570254,1.7290843473461974,1.7742038001269493,0.0,-0.01716494427707842,-0.06077268553109304,0.026442796976936193,2.3832750575625967,2.393977471477553,2.3635111177200274,2.4251855689614734,0.0075115646355543575,-0.00688762301925927,True,True,-0.01716494427707842,0.00449063312310316,True,True
asymmetric_sigma,A,8.0,1.0,20000,8.0,8.000114188813242,7.987441747850216,8.012786629776269,0.696419413859206,0.6956915745165423,0.6868380302088469,0.7047606700844526,0.0,-0.012172867895458647,-0.044170548118516874,0.019824812327599577,1.7478558292948534,1.7566084229710506,1.7342533865242562,1.7795077223831377,0.00011418881324232188,-0.0010451163884568349,True,True,-0.012172867895458647,0.005007617636134443,True,True
asymmetric_sigma,A,12.0,0.125,20000,1.5000000000000002,1.4971584643575386,1.450999715915475,1.5433172127996022,2.5280921660414206,2.5340226460760906,2.501774042534602,2.5670563845750562,0.0,-0.014921341410782614,-0.0697299553475012,0.03988727252593597,2.9935346999826145,3.008882900930702,2.970591107475291,3.0481069588045595,-0.00284153564246159,0.002345832210680854,True,True,-0.014921341410782614,0.005127116431346668,True,True
asymmetric_sigma,A,12.0,0.25,20000,3.0000000000000004,2.984810701520361,2.9252619979571803,3.0443594050835414,3.2572994949804666,3.269104307777571,3.2275008718648968,3.311720634429659,0.0,-0.0005574707403545148,-0.0664453762126672,0.06533043473195817,3.63042697213427,3.617113769428217,3.571081478400598,3.664266777537802,-0.015189298479639568,0.0036241103451788437,True,True,-0.0005574707403545148,-0.003667117616809268,True,True
asymmetric_sigma,A,12.0,0.375,20000,4.500000000000001,4.460077129515088,4.3942453321476185,4.525908926882557,3.6250862058715243,3.61403354708464,3.568040455733998,3.6611464011492036,0.0,0.0028694765278924565,-0.06929203213858892,0.07503098519437384,3.9637419189447747,3.961521993287939,3.911106677394746,4.013164736807543,-0.039922870484913275,-0.003048936813966674,True,True,0.0028694765278924565,-0.0005600580719510306,True,True
asymmetric_sigma,A,12.0,0.5,20000,6.000000000000001,6.020097921639087,5.951996117725609,6.088199725552564,3.739652390263031,3.738652350420433,3.6910733291299724,3.7873897459893215,0.0,-0.014470399454280084,-0.08850939234630036,0.059568593437740194,4.068783602011785,4.064592109045901,4.012865097179825,4.117578483513823,0.020097921639085747,-0.00026741518682371623,True,True,-0.014470399454280084,-0.0010301587343723995,True,True
asymmetric_sigma,A,12.0,0.625,20000,7.500000000000001,7.491030450183937,7.425202417356549,7.556858483011324,3.6250862058715243,3.6138268813898673,3.5678364201183475,3.66093704134255,0.0,-0.010204597182065024,-0.08238287028607119,0.06197367592194114,3.9637419189447747,3.962442327260811,3.9120152989681793,4.014097068333727,-0.008969549816064237,-0.0031059466843630368,True,True,-0.010204597182065024,-0.0003278699043830491,True,True
asymmetric_sigma,A,12.0,0.75,20000,9.000000000000002,8.999070349731944,8.939830617076609,9.05831008238728,3.2572994949804666,3.2521424250601183,3.210754850292931,3.294537635141284,0.0,0.008721613207609034,-0.057354797093648116,0.07479802350886618,3.63042697213427,3.6274623061967017,3.581298317111847,3.6747502187271244,-0.0009296502680573582,-0.0015832348018030018,True,True,0.008721613207609034,-0.0008166163264882176,True,True
asymmetric_sigma,A,12.0,0.875,20000,10.500000000000002,10.484684796492836,10.43892512671491,10.530444466270762,2.5280921660414206,2.5121140283898993,2.4801442393755804,2.5448621642528186,0.0,0.010779433199934999,-0.044058356196707046,0.06561722259657704,2.9935346999826145,3.010484575123592,2.972172398363348,3.0497295125608304,-0.015315203507165975,-0.00632023541947857,True,True,0.010779433199934999,0.005662160903321389,True,True
asymmetric_sigma,A,12.0,1.0,20000,12.000000000000002,12.001731253589796,11.988958721990942,12.01450378518865,0.696419413859206,0.7011863495355278,0.6922628773519268,0.7103270754660828,0.0,-0.0014225671666904622,-0.03326411780133934,0.030418983467958415,1.7478558292948534,1.748037221928882,1.7257912647220508,1.7708247864224642,0.0017312535897939796,0.006844920720842307,True,True,-0.0014225671666904622,0.00010378008928912941,True,True
asymmetric_sigma,B,1.0,0.125,20000,0.0,-0.006384341113854458,-0.019081265703040973,0.006312583475332058,0.696419413859206,0.6970356764525971,0.6881650267687828,0.7061222938496593,0.125,0.14531287094878925,0.11329575828942035,0.17732998360815816,1.763430605382588,1.7576752247224348,1.7353066118907605,1.7805884310544702,-0.006384341113854458,0.0008849015135521388,True,True,0.020312870948789252,-0.0032637409391590433,True,True
asymmetric_sigma,B,1.0,0.25,20000,0.0,-0.0054315338017527125,-0.018148088207950996,0.0072850206044455705,0.696419413859206,0.698113314008316,0.689228950040476,0.7072139795818092,0.25,0.23379930876819813,0.20172542558214507,0.2658731919542512,1.7744717523815363,1.760791812695522,1.7383835373888095,1.7837456471380722,-0.0054315338017527125,0.002432298863874527,True,True,-0.016200691231801873,-0.0077093025953522964,True,True
asymmetric_sigma,B,1.0,0.375,20000,0.0,-0.005432830613935633,-0.01803041291326206,0.0071647516853907914,0.696419413859206,0.691581984125248,0.6827807394887698,0.700597506717189,0.37500000000000006,0.3692090937704216,0.33669750149091154,0.40172068604993166,1.7810635867368687,1.78482116341775,1.7621070846068736,1.808088246555724,-0.005432830613935633,-0.006946144288470402,True,True,-0.005790906229578452,0.002109737523613875,True,True
asymmetric_sigma,B,1.0,0.5,20000,0.0,0.0013391214406352145,-0.011249544640750033,0.013927787522020462,0.696419413859206,0.6910925016556647,0.6822974862950482,0.7001016433117743,0.5,0.49690294708665966,0.46465974241270047,0.5291461517606189,1.783255450012701,1.7700872225431268,1.7475606515347577,1.7931622327528398,0.0013391214406352145,-0.007649000153545749,True,True,-0.003097052913340337,-0.007384375283687072,True,True
asymmetric_sigma,B,1.0,0.625,20000,0.0,-0.00315509951859385,-0.015866172172242822,0.009555973135055124,0.696419413859206,0.6978123767955672,0.6889318426296746,0.706909119325513,0.625,0.6168672966524302,0.5844522136040542,0.6492823797008063,1.7810635867368687,1.7795230003283435,1.7568763472609714,1.8027210161538012,-0.00315509951859385,0.0020001782096252807,True,True,-0.00813270334756977,-0.000864981138235299,True,True
asymmetric_sigma,B,1.0,0.75,20000,0.0,0.00594696676973545,-0.006881350897846886,0.018775284437317786,0.696419413859206,0.7042488927426915,0.6952864458712086,0.7134295422515158,0.7500000000000001,0.7543779171288002,0.7218402730170042,0.7869155612405963,1.7744717523815363,1.786251356722652,1.7635190769154472,1.8095370839843123,0.00594696676973545,0.011242476484247366,True,True,0.004377917128800091,0.006638372420020744,True,True
asymmetric_sigma,B,1.0,0.875,20000,0.0,0.00826237892661159,-0.004482457717951055,0.021007215571174236,0.696419413859206,0.6996659521303608,0.6907618289029424,0.7087868580287724,0.8750000000000001,0.8616980245609727,0.8296878662542176,0.8937081828677277,1.763430605382588,1.7572934447217385,1.734929690517473,1.7802016741366469,0.00826237892661159,0.004661757278080492,True,True,-0.013301975439027447,-0.0034802393936663734,True,True
asymmetric_sigma,B,1.0,1.0,20000,0.0,-0.0010027349423222774,-0.013691111721770403,0.011685641837125848,0.696419413859206,0.6965664188539294,0.6877017410592304,0.7056469189683277,1.0,1.002513146596478,0.9704269402369398,1.0345993529560162,1.7478558292948534,1.7614683301865077,1.7390514453496517,1.7844309837696135,-0.0010027349423222774,0.00021108687063842169,True,True,0.0025131465964780553,0.007788114250330436,True,True
asymmetric_sigma,B,2.0,0.125,20000,0.0,-0.004687531074910518,-0.017390552778132663,0.008015490628311629,0.696419413859206,0.6973703957758776,0.6884954863705604,0.7064613766030033,0.25,0.2438786087966725,0.21101289292690448,0.2767443246664405,1.8093507122722228,1.8042618377755009,1.7813003520991362,1.8277823512267248,-0.004687531074910518,0.0013655304515445277,True,True,-0.0061213912033274975,-0.0028125417931448293,True,True
asymmetric_sigma,B,2.0,0.25,20000,0.0,0.0034983492229009785,-0.009297136425127372,0.01629383487092933,0.696419413859206,0.7024464807650219,0.6935069718374348,0.7116036338753314,0.5,0.47726254522909795,0.4439845477213661,0.5105405427368298,1.8520259177452134,1.8268952722255918,1.8036457478233325,1.8507108370869187,0.0034983492229009785,0.008654363715131064,True,True,-0.022737454770902055,-0.013569273128865023,True,False
asymmetric_sigma,B,2.0,0.375,20000,0.0,-0.004087981738222293,-0.016747005330742915,0.008571041854298326,0.696419413859206,0.6949549878052266,0.6861108174835387,0.7040144811650267,0.7500000000000001,0.731520735374643,0.6973201503239747,0.7657213204253114,1.877165416259313,1.8775434766439425,1.8536493905733396,1.9020192958809707,-0.004087981738222293,-0.002102793266293812,True,True,-0.018479264625357095,0.00020139961100662518,True,True
asymmetric_sigma,B,2.0,0.5,20000,0.0,-0.005859698513871565,-0.01853217200875564,0.006812774981012513,0.696419413859206,0.6956933604502149,0.6868397934142826,0.704762479299711,1.0,1.006769748187919,0.9720790121766109,1.041460484199227,1.8854707634964802,1.9044517806205103,1.8802152527693423,1.9292783788367198,-0.005859698513871565,-0.0010425519371547454,True,True,0.006769748187918978,0.010066990956057564,True,True
asymmetric_sigma,B,2.0,0.625,20000,0.0,-0.0004014684392347453,-0.01313405048484532,0.012331113606375827,0.696419413859206,0.6989931992436115,0.6900976376370451,0.708105335077174,1.25,1.2367375153366866,1.2025275230546764,1.270947507618697,1.877165416259313,1.8780599147637296,1.8541592563729445,1.9025424663327781,-0.0004014684392347453,0.0036957404305300035,True,True,-0.013262484663313368,0.0004765155466155413,True,True
asymmetric_sigma,B,2.0,0.75,20000,0.0,0.008807188698541657,-0.0038253779741075633,0.021439755371190878,0.696419413859206,0.6935025560049213,0.6846768696921951,0.7025431153380847,1.5000000000000002,1.5124668840054831,1.4788274570529043,1.546106310958062,1.8520259177452134,1.8467370233369922,1.82323498786655,1.8708112469828373,0.008807188698541657,-0.004188363788023897,True,True,0.012466884005482903,-0.0028557345540067836,True,True
asymmetric_sigma,B,2.0,0.875,20000,0.0,-0.004289672369557204,-0.01679662613603287,0.008217281396918463,0.696419413859206,0.6866066595686751,0.6778687321520976,0.6955573233991509,1.7500000000000002,1.7342825124534749,1.701600396048503,1.7669646288584466,1.8093507122722228,1.7941825956533846,1.7713493809234921,1.8175717152320854,-0.004289672369557204,-0.014090294002795822,True,False,-0.015717487546525355,-0.008383182163611447,True,True
asymmetric_sigma,B,2.0,1.0,20000,0.0,-0.007717022390258503,-0.020330038629826037,0.004895993849309031,0.696419413859206,0.6924292764676355,0.6836172489777067,0.7014558444358734,2.0,2.012603907909806,1.9808136326242385,2.044394183195373,1.7478558292948534,1.7452223081770268,1.7230121742639328,1.7679731772113478,-0.007717022390258503,-0.005729503388567481,True,True,0.012603907909805923,-0.0015067152986462107,True,True
asymmetric_sigma,B,4.0,0.125,20000,0.0,-0.003196040522371116,-0.015788769922351592,0.00939668887760936,0.696419413859206,0.6913155696912172,0.6825177155112033,0.7003276192815417,0.5,0.4940050719921607,0.458195348995938,0.5298147949883834,1.9824227601599007,1.9658819202179278,1.9408636171050262,1.991509327049861,-0.003196040522371116,-0.007328693121442242,True,True,-0.005994928007839295,-0.008343750018607876,True,True
asymmetric_sigma,B,4.0,0.25,20000,0.0,0.0007195339680313508,-0.011897685988872328,0.01333675392493503,0.696419413859206,0.6926600521122755,0.6838450877139957,0.7016896284917874,1.0,0.9846787928255344,0.9459201417152706,1.023437443935798,2.1342445970413046,2.127772155002128,2.1006935964266797,2.155509976944075,0.0007195339680313508,-0.005398128874808283,True,True,-0.015321207174465612,-0.0030326617896325736,True,True
asymmetric_sigma,B,4.0,0.375,20000,0.0,0.01176160362401747,-0.0009389668941024824,0.024462174142137423,0.696419413859206,0.6972358306334435,0.6883626337376556,0.7063250572577278,1.5000000000000002,1.5158377740429654,1.4756051581647551,1.5560703899211756,2.220360331117452,2.208689862426164,2.180581524945526,2.2374825346044025,0.01176160362401747,0.001172306167792403,True,True,0.015837774042965158,-0.005256114752065777,True,True
asymmetric_sigma,B,4.0,0.5,20000,0.0,0.012574382067724958,-5.234768898260654e-05,0.02520111182443252,0.696419413859206,0.693182121034767,0.6843605126573068,0.7022185031499303,2.0,2.0114351126349055,1.9704670246727751,2.052403200597036,2.248332715591711,2.24906580369653,2.2204436319276866,2.2783848201391503,0.012574382067724958,-0.004648481590281417,True,True,0.011435112634905487,0.00032605854984679716,True,True
asymmetric_sigma,B,4.0,0.625,20000,0.0,-0.004215379719592857,-0.01695511165963024,0.00852435222044453,0.696419413859206,0.6993857140973739,0.6904851572489842,0.7085029667885369,2.5,2.4816740479026302,2.4415376339257673,2.521810461879493,2.220360331117452,2.203408571125218,2.1753674446735003,2.232132395933035,-0.004215379719592857,0.0042593589138046895,True,True,-0.018325952097369758,-0.00763468872806905,True,True
asymmetric_sigma,B,4.0,0.75,20000,0.0,0.008840380925788016,-0.00388978024184059,0.02157054209341662,0.696419413859206,0.6988602979012496,0.6899664276302783,0.7079707012214123,3.0000000000000004,2.9850349309410817,2.9462818718798576,3.023787990002306,2.1342445970413046,2.1274651627334453,2.1003905110180954,2.155198982697612,0.008840380925788016,0.0035049052244500167,True,True,-0.0149650690589187,-0.0031765029731164462,True,True
asymmetric_sigma,B,4.0,0.875,20000,0.0,0.0016046736427081801,-0.011076854181117864,0.014286201466534226,0.696419413859206,0.6961904249365445,0.6873305321341164,0.7052660235616985,3.5000000000000004,3.497890683157832,3.4614779608027333,3.5343034055129308,1.9824227601599007,1.99898537476412,1.9735457888409929,2.0250443210941644,0.0016046736427081801,-0.0003288089305159003,True,True,-0.0021093168421684183,0.008354733882738108,True,True
asymmetric_sigma,B,4.0,1.0,20000,0.0,-0.009074807755397643,-0.02168812223287681,0.0035385067220815233,0.696419413859206,0.6924456491304026,0.6836334132778882,0.7014724305340891,4.0,4.012451195814973,3.9806311905358327,4.044271201094113,1.7478558292948534,1.7468544251542775,1.7246235205138918,1.7696265706067513,-0.009074807755397643,-0.005705993614943616,True,True,0.012451195814972671,-0.0005729329180312881,True,True
asymmetric_sigma,B,8.0,0.125,20000,0.0,0.005413856138373912,-0.007183791454353825,0.01801150373110165,0.696419413859206,0.6915855686019322,0.6827842783485106,0.7006011379214214,1.0,1.011558288681807,0.964615069894013,1.0585015074696011,2.5602734228984216,2.5770884935773832,2.5442918233308087,2.610683642191131,0.005413856138373912,-0.006940997279910821,True,True,0.011558288681807083,0.0065676855169343185,True,True
asymmetric_sigma,B,8.0,0.25,20000,0.0,0.003744915559576747,-0.009020931653181987,0.016510762772335482,0.696419413859206,0.7008193901548478,0.6919005879877527,0.7099553323711608,2.0,2.0284797275763173,1.9740098333557667,2.082949621796868,3.0091527046662154,2.9902878683439913,2.952232719906201,3.0292695197639046,0.003744915559576747,0.006317997758361393,True,True,0.028479727576317337,-0.006269152207852735,True,True
asymmetric_sigma,B,8.0,0.375,20000,0.0,-0.004986821158211368,-0.01772942064685336,0.00775577833043062,0.696419413859206,0.6995431367604236,0.6906405765120023,0.7086624416270447,3.0000000000000004,3.0327336766393382,2.9735194127961053,3.091947940482571,3.2488459489486416,3.250744238393153,3.2093744572978453,3.293121221591934,-0.004986821158211368,0.004485404684380301,True,True,0.032733676639337794,0.0005842965392450772,True,True
asymmetric_sigma,B,8.0,0.5,20000,0.0,-0.0044629058417369576,-0.017178361639480347,0.008252549956006432,0.696419413859206,0.6980530026091158,0.6891694061791686,0.70715288195799,4.0,4.007855053033037,3.9473993989306955,4.068310707135378,3.3249060137092594,3.318894072073063,3.2766569992149273,3.362159462401124,-0.0044629058417369576,0.0023456967416477514,True,True,0.007855053033036796,-0.0018081538580062562,True,True
asymmetric_sigma,B,8.0,0.625,20000,0.0,0.003289174887257688,-0.009429184828821878,0.016007534603337252,0.696419413859206,0.6982124218974326,0.6893267966579031,0.7073143794499448,5.0,5.029225199949734,4.970043869939333,5.088406529960136,3.2488459489486416,3.248936237070909,3.2075894650508894,3.2912896510079963,0.003289174887257688,0.0025746094990239943,True,True,0.02922519994973438,2.7790829016272056e-05,True,True
asymmetric_sigma,B,8.0,0.75,20000,0.0,0.004903635906904234,-0.007714838618723312,0.01752211043253178,0.696419413859206,0.6927289254172206,0.6839130845201024,0.7017593996350958,6.000000000000001,6.02966593156288,5.974715083320879,6.084616779804881,3.0091527046662154,3.016691278817878,2.9783001140000303,3.0560171273815797,0.004903635906904234,-0.005299232572415713,True,True,0.02966593156287889,0.002505214886560081,True,True
asymmetric_sigma,B,8.0,0.875,20000,0.0,0.001252188837017349,-0.011530564151501185,0.014034941825535883,0.696419413859206,0.701747483313149,0.6928168700012883,0.7108955242321873,7.000000000000001,7.006509338934955,6.9602475014725975,7.052771176397313,2.5602734228984216,2.5396820263843547,2.507361400159038,2.5727895410547603,0.001252188837017349,0.007650661868280562,True,True,0.006509338934954201,-0.00804265526091974,True,True
asymmetric_sigma,B,8.0,1.0,20000,0.0,0.0027845817799913505,-0.010080050202234955,0.015649213762217656,0.696419413859206,0.7062424757316249,0.6972546580263269,0.7154491137608101,8.0,8.006722951186777,7.974945941284095,8.03849996108946,1.7478558292948534,1.7444940652810663,1.7222931991685066,1.7672354408779762,0.0027845817799913505,0.014105094827819853,True,False,0.006722951186777237,-0.0019233645918859121,True,True
asymmetric_sigma,B,12.0,0.125,20000,0.0,0.0021163105043997326,-0.01058593448993532,0.014818555498734783,0.696419413859206,0.6973277560168777,0.6884533892557572,0.7064181809884154,1.5000000000000002,1.4885198985445516,1.428847143458684,1.5481926536304191,3.3060550509633084,3.2759144873942114,3.2342243834389905,3.3186195921371087,0.0021163105043997326,0.0013043033258335335,True,True,-0.011480101455448644,-0.009116776068297638,True,True
asymmetric_sigma,B,12.0,0.25,20000,0.0,-0.007759453990549176,-0.02049340976315777,0.004974501782059417,0.696419413859206,0.6990686140986497,0.6901720927438487,0.7081817330467886,3.0000000000000004,3.0035185668632143,2.9295223137827167,3.077514819943712,4.068783602011785,4.062245779174692,4.0105486272871405,4.11520156668337,-0.007759453990549176,0.0038040298514412374,True,True,0.0035185668632138345,-0.001606824908029214,True,True
asymmetric_sigma,B,12.0,0.375,20000,0.0,-0.0017779906431552401,-0.014521661566646606,0.010965680280336128,0.696419413859206,0.6996019563832201,0.6906986475816242,0.708722028027534,4.500000000000001,4.504907635538664,4.423324641188525,4.586490629888802,4.464302857109944,4.478742647830488,4.421745053022922,4.537127924561024,-0.0017779906431552401,0.004569864740527674,True,True,0.004907635538662802,0.0032345007009431104,True,True
asymmetric_sigma,B,12.0,0.5,20000,0.0,0.000695312931624347,-0.011968482432725946,0.01335910829597464,0.696419413859206,0.6952169485014417,0.6863694444026668,0.7042798568035468,6.000000000000001,6.050628893497202,5.967675553248009,6.133582233746395,4.588572762853391,4.553971887321667,4.496016906469095,4.613337858928262,0.000695312931624347,-0.001726639628124249,True,True,0.05062889349720123,-0.007540661839741225,True,True
asymmetric_sigma,B,12.0,0.625,20000,0.0,0.00804860917125568,-0.0046241657359153854,0.020721384078426747,0.696419413859206,0.6957099073798179,0.6868561297635368,0.7047792419365203,7.500000000000001,7.517554751924928,7.435827733200882,7.599281770648974,4.464302857109944,4.4866492968924145,4.429551080098957,4.545137645384333,0.00804860917125568,-0.0010187919309377902,True,True,0.01755475192492728,0.005005583289870552,True,True
asymmetric_sigma,B,12.0,0.75,20000,0.0,-0.0056321029175661124,-0.01827279107395606,0.007008585238823834,0.696419413859206,0.6939484091619793,0.6851170488108929,0.7029947806754807,9.000000000000002,9.015369788952004,8.94146861330512,9.089270964598887,4.068783602011785,4.057026218895401,4.005395492432409,4.109913963764597,-0.0056321029175661124,-0.003548155964713362,True,True,0.015369788952002139,-0.0028896555497743837,True,True
asymmetric_sigma,B,12.0,0.875,20000,0.0,0.005076775255579424,-0.0076740694512481555,0.017827619962407004,0.696419413859206,0.699995782690162,0.6910874619568629,0.7091209882882935,10.500000000000002,10.502279278978401,10.442178587593544,10.562379970363258,3.3060550509633084,3.2994073313148067,3.2574182515746495,3.3424186908040343,0.005076775255579424,0.0051353663608220135,True,True,0.0022792789783991907,-0.0020107710083547836,True,True
asymmetric_sigma,B,12.0,1.0,20000,0.0,0.002214796813473606,-0.01039604846136196,0.014825642088309172,0.696419413859206,0.6923100948611077,0.6834995841059975,0.7013351091676093,12.000000000000002,12.025473403360586,11.993784185900585,12.057162620820586,1.7478558292948534,1.7396744363825178,1.7175349060681238,1.762352982880034,0.002214796813473606,-0.0059006382020950765,True,True,0.0254734033605839,-0.00468081679004162,True,True
asymmetric_sigma,C,1.0,0.125,20000,0.0,0.006058329452517924,-0.006612785238624318,0.018729444143660165,0.696419413859206,0.6956187648519891,0.6867661471382253,0.7046869112668117,-0.125,-0.12894802657333457,-0.16127060689752287,-0.09662544624914626,1.7788690227220214,1.7744447864289858,1.7518627599769256,1.7975766022186022,0.006058329452517924,-0.001149664973841058,True,True,-0.003948026573334568,-0.0024871062661294685,True,True
asymmetric_sigma,C,1.0,0.25,20000,0.0,0.0019976205819992577,-0.010700512166736597,0.014695753330735114,0.696419413859206,0.6971020019870068,0.6882305082279166,0.7061894840094751,-0.25,-0.23637346033899095,-0.2692524478708477,-0.2034944728071342,1.8006943105369106,1.8049904253871458,1.7820196675233089,1.8285204367695245,0.0019976205819992577,0.0009801394306603317,True,True,0.013626539661009046,0.002385810198375138,True,True
asymmetric_sigma,C,1.0,0.375,20000,0.0,0.0015000084140268924,-0.011189211802507603,0.01418922863056139,0.696419413859206,0.6966127218571422,0.687747454798888,0.7056938255814972,-0.37500000000000006,-0.3807848364255053,-0.41378682862219335,-0.3477828442288173,1.8136634197116068,1.8117431346085984,1.7886864400847828,1.8353611748927416,0.0015000084140268924,0.00027757410848860964,True,True,-0.0057848364255052576,-0.0010587880210506384,True,True
asymmetric_sigma,C,1.0,0.5,20000,0.0,-0.0015949895320967753,-0.01433403664297446,0.011144057578780907,0.696419413859206,0.6993481183509997,0.6904480399554452,0.7084648809407594,-0.5,-0.4829190631084517,-0.5159900097578256,-0.4498481164590778,1.8179658962697842,1.8155285956653056,1.7924237264209413,1.8391959835473637,-0.0015949895320967753,0.004205374568127418,True,True,0.017080936891548326,-0.0013406745470196935,True,True
asymmetric_sigma,C,1.0,0.625,20000,0.0,0.0008702475395017941,-0.011803930494520422,0.013544425573524012,0.696419413859206,0.6957869362277859,0.686932178323194,0.7048572749392162,-0.625,-0.635807308994944,-0.6685771960747826,-0.6030374219151053,1.8136634197116068,1.7990010295425396,1.7761064942224691,1.8224529626423884,0.0008702475395017941,-0.0009081849512426743,True,True,-0.010807308994943976,-0.008084405303492748,True,True
asymmetric_sigma,C,1.0,0.75,20000,0.0,0.005286248098551596,-0.00745595855621289,0.018028454753316082,0.696419413859206,0.69952157096899,0.6906192851722035,0.7086405947020878,-0.7500000000000001,-0.7524067850079684,-0.7854421702833213,-0.7193713997326155,1.8006943105369106,1.813576347605378,1.7904963231562234,1.8372182858127866,0.005286248098551596,0.0044544380125668415,True,True,-0.002406785007968315,0.007153927789457004,True,True
asymmetric_sigma,C,1.0,0.875,20000,0.0,-0.005495420032113527,-0.018174162983397184,0.007183322919170129,0.696419413859206,0.6960375410233745,0.6871795938597162,0.7051111466406065,-0.8750000000000001,-0.8736007783782428,-0.9059892557390768,-0.8412123010174087,1.7788690227220214,1.7780624014815092,1.7554343363589677,1.8012413768140048,-0.005495420032113527,-0.0005483374360795157,True,True,0.0013992216217573183,-0.00045344611110154087,True,True
asymmetric_sigma,C,1.0,1.0,20000,0.0,0.0020465625672944684,-0.010578662493691543,0.01467178762828048,0.696419413859206,0.6930995162596687,0.6842789591311573,0.7021348215318355,-1.0,-1.0001745689749573,-1.0319725444950787,-0.9683765934548358,1.7478558292948534,1.7456450355992112,1.7234295219516207,1.7684014153447891,0.0020465625672944684,-0.004767095134726507,True,True,-0.00017456897495726764,-0.001264860441340887,True,True
asymmetric_sigma,C,2.0,0.125,20000,0.0,-0.0038947267492385864,-0.016525912613331726,0.008736459114854555,0.696419413859206,0.6934267523865586,0.684602030769566,0.7024663235371933,-0.25,-0.24480112847468746,-0.2789032311804367,-0.21069902576893823,1.868823159103076,1.8721369935678902,1.8483117117479295,1.8965423334236826,-0.0038947267492385864,-0.004297211440536408,True,True,0.005198871525312537,0.0017732199264934856,True,True
asymmetric_sigma,C,2.0,0.25,20000,0.0,-0.0058770859077508526,-0.0184594583189154,0.006705286503413692,0.696419413859206,0.690746991792324,0.6819563734763116,0.6997516293519559,-0.5,-0.49006916289103225,-0.5254677890264721,-0.4546705367555925,1.950640920313116,1.943313527657149,1.9185824355308532,1.9686467309706763,-0.0058770859077508526,-0.008145123404082466,True,True,0.00993083710896775,-0.00375640261601351,True,True
asymmetric_sigma,C,2.0,0.375,20000,0.0,-0.011490599239015733,-0.02422004894045121,0.0012388504624197428,0.696419413859206,0.6988212398352024,0.6899278666269109,0.7079311339910361,-0.7500000000000001,-0.7821385980839174,-0.8183932851076114,-0.7458839110602233,1.9981241202688087,1.9903095522564551,1.9649803770121272,2.016255399813517,-0.011490599239015733,0.0034488211100931476,True,True,-0.03213859808391728,-0.0039109522441990174,True,True
asymmetric_sigma,C,2.0,0.5,20000,0.0,0.004188237113679896,-0.008547907671341955,0.016924381898701747,0.696419413859206,0.6991887864866576,0.6902907357881061,0.7083034720124458,-1.0,-1.0386389463334986,-1.0753217424869812,-1.001956150180016,2.0137030565602267,2.0138118842409916,1.9881836124642618,2.0400641102316066,0.004188237113679896,0.003976587344262983,True,True,-0.038638946333498625,5.4043559406746766e-05,False,True
asymmetric_sigma,C,2.0,0.625,20000,0.0,0.008512101883741208,-0.004141089074233606,0.021165292841716022,0.696419413859206,0.6946347878751113,0.6857946924975115,0.7036901070809136,-1.25,-1.2406016083350244,-1.2770217553961472,-1.2041814612739017,1.9981241202688087,1.999392976223016,1.97394820306217,2.0254572360809515,0.008512101883741208,-0.0025625735707239805,True,True,0.00939839166497558,0.0006350235910452806,True,True
asymmetric_sigma,C,2.0,0.75,20000,0.0,0.010350269545490051,-0.002331560959581102,0.023032100050561204,0.696419413859206,0.6962070415294013,0.6873469372600725,0.7052828567698978,-1.5000000000000002,-1.5188646206513745,-1.5544495448394056,-1.4832796964633435,1.950640920313116,1.9535409168329776,1.9286796684038932,1.9790074452768407,0.010350269545490051,-0.00030494889369592215,True,True,-0.018864620651374286,0.0014866890618678852,True,True
asymmetric_sigma,C,2.0,0.875,20000,0.0,0.0005730355870215819,-0.012132874338937576,0.01327894551298074,0.696419413859206,0.6975289534073023,0.6886520261580632,0.7066220012054323,-1.7500000000000002,-1.7395232938082308,-1.7733843773572628,-1.7056622102591987,1.868823159103076,1.85890552560411,1.8352486307420544,1.8831383788985254,0.0005730355870215819,0.001593205941729403,True,True,0.010476706191769436,-0.005306887091299672,True,True
asymmetric_sigma,C,2.0,1.0,20000,0.0,0.006020353079318904,-0.0067527107796195975,0.018793416938257406,0.696419413859206,0.7012155695458728,0.69229172550114,0.7103566763910111,-2.0,-1.9938422715065045,-2.0254595697633544,-1.9622249732496546,1.7478558292948534,1.7357262164757643,1.7136369321915959,1.758353293636912,0.006020353079318904,0.006886878210486502,True,True,0.006157728493495496,-0.0069397101384400806,True,True
asymmetric_sigma,C,4.0,0.125,20000,0.0,0.001683314494541079,-0.01095697666333046,0.01432360565241262,0.696419413859206,0.6939266147401187,0.6850955317502749,0.7029727021396507,-0.5,-0.4715993063615279,-0.5111928652054454,-0.43200574751761045,2.1920310216782974,2.173606913869518,2.14594505073307,2.201942241694427,0.001683314494541079,-0.0035794509306876776,True,True,0.028400693638472085,-0.0084050397218709,True,True
asymmetric_sigma,C,4.0,0.25,20000,0.0,-0.0020645889877181057,-0.014702174031198464,0.010572996055762252,0.696419413859206,0.6937780544913777,0.6849488621162729,0.7028222052466512,-1.0,-0.9815964273804835,-1.0260539784663845,-0.9371388762945825,2.460690959872857,2.440630325628507,2.4095702560255754,2.4724465937563003,-0.0020645889877181057,-0.003792771015947438,True,True,0.01840357261951653,-0.008152439526736166,True,True
asymmetric_sigma,C,4.0,0.375,20000,0.0,-0.00032337202678149347,-0.013080515528392579,0.01243377147482959,0.696419413859206,0.7003415738817154,0.6914288525235592,0.7094712872437434,-1.5000000000000002,-1.5274723983255687,-1.574929835888154,-1.4800149607629833,2.6086394921491167,2.6053180722453217,2.5721621453472667,2.639281224089465,-0.00032337202678149347,0.005631893575129832,True,True,-0.02747239832556847,-0.0012732383734092023,True,True
asymmetric_sigma,C,4.0,0.5,20000,0.0,-0.00362224726382828,-0.016328871062735634,0.009084376535079073,0.696419413859206,0.697568143599372,0.6886907176059845,0.7066617022842373,-2.0,-1.9718541773979417,-2.019772218202377,-1.9239361365935062,2.656124997058685,2.63060426576439,2.597126540467598,2.6648970506154197,-0.00362224726382828,0.0016494797779980086,True,True,0.028145822602058335,-0.00960825688646283,True,True
asymmetric_sigma,C,4.0,0.625,20000,0.0,0.0077195361961580585,-0.0049634748359638796,0.020402547228279996,0.696419413859206,0.6962718500951004,0.6874109210558176,0.7053485101856677,-2.5,-2.4772054092215168,-2.5243375964571593,-2.4300732219858743,2.6086394921491167,2.5874624820931817,2.5545337898840934,2.621192866918947,0.0077195361961580585,-0.00021188921671200234,True,True,0.022794590778483226,-0.0081180286197724,True,True
asymmetric_sigma,C,4.0,0.75,20000,0.0,-0.00496315217087651,-0.01755456762357367,0.007628263281820649,0.696419413859206,0.6912434366225345,0.6824465004259245,0.7002545458799335,-3.0000000000000004,-3.001768860311051,-3.0467898527927,-2.956747867829402,2.460690959872857,2.4715621273941917,2.440108411975383,2.5037816251665235,-0.00496315217087651,-0.007432270171776056,True,True,-0.001768860311050613,0.00441793288901926,True,True
asymmetric_sigma,C,4.0,0.875,20000,0.0,0.0016940610711812642,-0.010953475880755624,0.014341598023118152,0.696419413859206,0.6943243942915605,0.6854882490600389,0.7033756671797473,-3.5000000000000004,-3.4807028381154446,-3.520659859603102,-3.4407458166277873,2.1920310216782974,2.193560283519365,2.165644488829404,2.222155725197718,0.0016940610711812642,-0.003008272782109911,True,True,0.01929716188455588,0.00069764607614764,True,True
asymmetric_sigma,C,4.0,1.0,20000,0.0,-0.00011426547617631078,-0.012856397259047048,0.012627866306694427,0.696419413859206,0.6995174606522956,0.6906152271644235,0.7086364308029492,-4.0,-3.997502102978928,-4.029115920486097,-3.9658882854717588,1.7478558292948534,1.7355351303043822,1.7134482778304396,1.7581597164496638,-0.00011426547617631078,0.004448535941756315,True,True,0.0024978970210720597,-0.007049036187064539,True,True
asymmetric_sigma,C,8.0,0.125,20000,0.0,-0.006098823881758937,-0.018783149730832276,0.0065855019673144,0.696419413859206,0.6963440309068153,0.6874821832765389,0.7054216319526903,-1.0,-1.0003359712144095,-1.0582041437791585,-0.9424677986496605,3.1709619991415856,3.176846528890803,3.136417188458114,3.218260175153684,-0.006098823881758937,-0.0001082436113792884,True,True,-0.00033597121440953615,0.0018557553672389204,True,True
asymmetric_sigma,C,8.0,0.25,20000,0.0,0.0007730440654369307,-0.011937893154620087,0.013483981285493949,0.696419413859206,0.6978049417631921,0.6889245022173739,0.7069015873694126,-2.0,-1.931645604577427,-2.0019191059298507,-1.8613721032250037,3.880077318817242,3.8578741810907515,3.80877791307926,3.9081657627612634,0.0007730440654369307,0.001989502125318676,True,True,0.06835439542257293,-0.0057223441447447065,True,True
asymmetric_sigma,C,8.0,0.375,20000,0.0,0.004726444069112195,-0.008022333243098144,0.017475221381322535,0.696419413859206,0.6998822868750614,0.6909754105177824,0.7090060129319258,-3.0000000000000004,-2.981445622351925,-3.059107854234332,-2.903783390469518,4.249117555446071,4.263500657558863,4.209242285946676,4.319080021077991,0.004726444069112195,0.004972395867981039,True,True,0.018554377648075437,0.003384962153931692,True,True
asymmetric_sigma,C,8.0,0.5,20000,0.0,-0.0038063942110308107,-0.0164508499164697,0.008838061494408076,0.696419413859206,0.6941552400430678,0.6853212475106571,0.7032043078218334,-4.0,-4.020726087844217,-4.100328523088868,-3.941123652599566,4.365203317143429,4.370013928040854,4.31440004201091,4.426981807771241,-0.0038063942110308107,-0.0032511641276501413,True,True,-0.020726087844217034,0.0011020359300406568,True,True
asymmetric_sigma,C,8.0,0.625,20000,0.0,0.008494762298312369,-0.004247570903348574,0.02123709549997331,0.696419413859206,0.6995285181396181,0.6906261439314074,0.7086476324366335,-5.0,-4.959949255126127,-5.037354141054469,-4.8825443691977854,4.249117555446071,4.249372881189524,4.195294303179326,4.304768073793338,0.008494762298312369,0.004464413568230352,True,True,0.04005074487387272,6.0089122063899936e-05,True,True
asymmetric_sigma,C,8.0,0.75,20000,0.0,-0.0009494820841092099,-0.013568462840813032,0.01166949867259461,0.696419413859206,0.692756716487272,0.6839405219140721,0.7017875529919412,-6.000000000000001,-5.97107038482702,-6.042036168020414,-5.900104601633626,3.880077318817242,3.895879064708608,3.846299137079342,3.9466660813307612,-0.0009494820841092099,-0.005259326921455587,True,True,0.02892961517298076,0.004072533764915454,True,True
asymmetric_sigma,C,8.0,0.875,20000,0.0,0.00018416024686745096,-0.012410995432010052,0.012779315925744954,0.696419413859206,0.6914487675329758,0.6826492182440417,0.7004625535018919,-7.000000000000001,-6.986131379967008,-7.043971838825386,-6.928290921108631,3.1709619991415856,3.1753251020340767,3.1349151236586272,3.2167189148447948,0.00018416024686745096,-0.007137432167040547,True,True,0.013868620032992496,0.0013759555912913335,True,True
asymmetric_sigma,C,8.0,1.0,20000,0.0,0.0030435311997080742,-0.00962869736477737,0.01571575976419352,0.696419413859206,0.6956799142629201,0.6868265183465174,0.7047488578267551,-8.0,-8.022137287459342,-8.05383093930128,-7.990443635617406,1.7478558292948534,1.7399178750507966,1.7177752466752576,1.7625995950358588,0.0030435311997080742,-0.0010618595368960815,True,True,-0.022137287459342403,-0.00454153833000015,True,True
asymmetric_sigma,C,12.0,0.125,20000,0.0,0.0018298474222978216,-0.010955242167176065,0.014614937011771707,0.696419413859206,0.7018757580158986,0.6929435122482114,0.7110254711350623,-1.5000000000000002,-1.5038611549315708,-1.5831410623366593,-1.4245812475264823,4.336473221409307,4.352307796981702,4.296919243587069,4.409044858055379,0.0018298474222978216,0.007834853607047387,True,True,-0.003861154931570576,0.0036514869950583506,True,True
asymmetric_sigma,C,12.0,0.25,20000,0.0,-0.00038827935248708737,-0.013206328060603257,0.01242976935562908,0.696419413859206,0.7036851474784201,0.6947298749696266,0.712858447955195,-3.0000000000000004,-2.9612550971888085,-3.060713844837599,-2.8617963495400183,5.482244066073673,5.460085626211027,5.39059921616062,5.531263774929434,-0.00038827935248708737,0.010432985460515853,True,True,0.03874490281119192,-0.004041855779419068,True,True
asymmetric_sigma,C,12.0,0.375,20000,0.0,-0.00735567285811532,-0.020085766435191856,0.005374420718961216,0.696419413859206,0.6988565873155993,0.6899627642664655,0.7079669422642463,-4.500000000000001,-4.4830655161439275,-4.593836009101635,-4.37229502318622,6.066712454039668,6.081077740315202,6.003688429901553,6.1603511959713755,-0.00735567285811532,0.0034995771339683124,True,True,0.016934483856073435,0.002367886459818669,True,True
asymmetric_sigma,C,12.0,0.5,20000,0.0,-0.002700764852074317,-0.01548156483066762,0.010080035126518986,0.696419413859206,0.7016402669880624,0.6927110181378676,0.7107869102258086,-6.000000000000001,-6.051320917117804,-6.165103636424328,-5.937538197811281,6.249399971197236,6.246442921145202,6.166949132239852,6.327872091608752,-0.002700764852074317,0.007496708197614721,True,True,-0.05132091711780351,-0.0004731734351558492,True,True
asymmetric_sigma,C,12.0,0.625,20000,0.0,-0.001646849010383429,-0.014349725104429462,0.011056027083662604,0.696419413859206,0.6973624021243554,0.688487594448239,0.7064532787455483,-7.500000000000001,-7.507890845059059,-7.618518969938875,-7.397262720179243,6.066712454039668,6.073262018580318,5.995972172988742,6.152433587811613,-0.001646849010383429,0.001354052236889558,True,True,-0.007890845059058016,0.0010795904025893144,True,True
asymmetric_sigma,C,12.0,0.75,20000,0.0,0.00332419816060438,-0.00946013887734596,0.01610853519855472,0.696419413859206,0.7018344444476723,0.6929027244467476,0.7109836189995855,-9.000000000000002,-9.002352005194458,-9.10183435733846,-8.902869653050457,5.482244066073673,5.461381465622435,5.391878564396822,5.532576507015546,0.00332419816060438,0.007775530780308015,True,True,-0.0023520051944565523,-0.0038054855274219923,True,True
asymmetric_sigma,C,12.0,0.875,20000,0.0,-0.0035572905380471843,-0.016263314078243052,0.009148733002148685,0.696419413859206,0.697535190600867,0.6886581839755487,0.7066283197075921,-10.500000000000002,-10.478120002114744,-10.558092953121907,-10.398147051107582,4.336473221409307,4.390354499755196,4.3344817545417955,4.447587540938646,-0.0035572905380471843,0.0016021620297428374,True,True,0.021879997885257296,0.012425138031494143,True,True
asymmetric_sigma,C,12.0,1.0,20000,0.0,0.004561820984484593,-0.008118455743949475,0.017242097712918663,0.696419413859206,0.6961217423105489,0.6872627235803315,0.7051964455830471,-12.000000000000002,-12.002045242453697,-12.033914977376131,-11.970175507531263,1.7478558292948534,1.7495844827607803,1.727318834727105,1.7723922174804612,0.004561820984484593,-0.00042743143389356586,True,True,-0.002045242453695195,0.0009890137601475946,True,True
asymmetric_sigma,AB,1.0,0.125,20000,0.125,0.12447713675952846,0.1112187334825796,0.1377355400364773,0.7252693465189329,0.7278597294891452,0.7185968052266263,0.7373481719089886,0.125,0.11612210374633543,0.08365935361582383,0.14858485387684703,1.7750220069058298,1.782139827466876,1.759459872005361,1.8053719564773618,-0.0005228632404715439,0.003571615128428185,True,True,-0.008877896253664572,0.004009990035815925,True,True
asymmetric_sigma,AB,1.0,0.25,20000,0.25,0.2491314834098714,0.23552694365654323,0.2627360231631996,0.7451929280394441,0.7468619273255774,0.737357176359026,0.7565980840407948,0.25,0.2687880260626159,0.23614929778958532,0.30142675433564653,1.7941746013139301,1.7918006742924197,1.7689977724872188,1.8151587429381364,-0.0008685165901285985,0.0022396875001542416,True,True,0.018788026062615926,-0.0013231304354502926,True,True
asymmetric_sigma,AB,1.0,0.375,20000,0.37500000000000006,0.3739545632737405,0.3601605920689406,0.3877485344785404,0.7568953857700549,0.7572613338110225,0.7476242374065425,0.7671330580891093,0.37500000000000006,0.37401731914573105,0.34094199438179534,0.40709264390966676,1.8055686431149607,1.8157689453676105,1.7926610173730517,1.8394394664691867,-0.0010454367262595632,0.0004834856280637734,True,True,-0.0009826808542690024,0.005649357221363838,True,True
asymmetric_sigma,AB,1.0,0.5,20000,0.5,0.4987219923129004,0.4848504643814403,0.5125935202443604,0.760756202735147,0.761519042443637,0.7518277613782974,0.7714462705799046,0.5,0.48451398574899673,0.4514459056336537,0.5175820658643397,1.8093507122722228,1.8153712287003179,1.7922683621471576,1.8390365651330023,-0.0012780076870996249,0.0010027387298945367,True,True,-0.015486014251003266,0.003327445799899298,True,True
asymmetric_sigma,AB,1.0,0.625,20000,0.625,0.6186524750616081,0.6048858892452943,0.632419060877922,0.7568953857700549,0.7557579309472666,0.7461399672222011,0.7656100567355227,0.625,0.6112344608026019,0.5784614336206514,0.6440074879845524,1.8055686431149607,1.7991734148461078,1.7762766857077146,1.8226275951756914,-0.0063475249383918575,-0.0015027900079361833,True,True,-0.013765539197398091,-0.0035419469058899367,True,True
asymmetric_sigma,AB,1.0,0.75,20000,0.7500000000000001,0.7536112410902198,0.7400775039187247,0.7671449782617149,0.7451929280394441,0.742975007687994,0.73351972262917,0.7526604941824564,0.7500000000000001,0.7501360531058113,0.717422689718905,0.7828494164927177,1.7941746013139301,1.7958979922470215,1.7730429469526903,1.8193094738841606,0.003611241090219708,-0.0029763035423395756,True,True,0.000136053105811218,0.0009605480602776773,True,True
asymmetric_sigma,AB,1.0,0.875,20000,0.8750000000000001,0.8788639840554946,0.8656814365193038,0.8920465315916853,0.7252693465189329,0.7236954015685715,0.7144854735807051,0.7331295574492771,0.8750000000000001,0.8824456752577379,0.8501347436411628,0.9147566068743129,1.7750220069058298,1.7738052957606745,1.751231407626187,1.7969287750945993,0.003863984055494485,-0.0021701523136417045,True,True,0.0074456752577377605,-0.0006854625691521399,True,True
asymmetric_sigma,AB,1.0,1.0,20000,1.0,0.9963137379638853,0.9836452413381234,1.0089822345896473,0.696419413859206,0.6954750383172287,0.6866242497031554,0.7045413111005066,1.0,0.988696755887145,0.956878946282067,1.020514565492223,1.7478558292948534,1.746733887055119,1.724504516412615,1.7695044611625013,-0.0036862620361146625,-0.0013560442503233183,True,True,-0.011303244112854993,-0.0006418963285931278,True,True
asymmetric_sigma,AB,2.0,0.125,20000,0.25,0.2525167125524901,0.2378421542473198,0.26719127085766037,0.805644152216101,0.8056037982299143,0.795351483578795,0.8161057190575396,0.25,0.2461722848507086,0.21235408856401072,0.2799904811374065,1.8541338948414703,1.856551100979283,1.8329241691116038,1.880753261790546,0.0025167125524900857,-5.008909464010447e-05,True,True,-0.003827715149291394,0.0013036847794745121,True,True
asymmetric_sigma,AB,2.0,0.25,20000,0.5,0.49792396279983686,0.48195419019539265,0.5138937354042811,0.8753570700005799,0.8767084636868046,0.8655512533474717,0.888137311086454,0.5,0.4969909371767869,0.4621812030514517,0.531800671302122,1.9264604849308484,1.9109845382442037,1.886664872891891,1.935896298054116,-0.002076037200163139,0.001543819925077683,True,True,-0.0030090628232131156,-0.008033357967993981,True,True
asymmetric_sigma,AB,2.0,0.375,20000,0.7500000000000001,0.7596232637825231,0.742990636645567,0.7762558909194792,0.9146379064963358,0.9130978471326694,0.9014775364332502,0.9250010696839185,0.7500000000000001,0.7600138886883949,0.7241783990569693,0.7958493783198205,1.9685813419820881,1.9672964567753748,1.9422601519178135,1.9929423036282792,0.009623263782522984,-0.0016837913153696649,True,True,0.010013888688394812,-0.0006526960198757203,True,True
asymmetric_sigma,AB,2.0,0.5,20000,1.0,0.9986805484515923,0.98182557052939,1.0155355263737944,0.9273618495495703,0.9253044589712375,0.9135288038883037,0.9373668079707281,1.0,1.0059844977979249,0.9699331881004168,1.0420358074954328,1.9824227601599007,1.9791445452394056,1.9539574586561197,2.004944844798816,-0.0013194515484077352,-0.0022185413162425505,True,True,0.00598449779792487,-0.0016536406796654468,True,True
asymmetric_sigma,AB,2.0,0.625,20000,1.25,1.2534623667507483,1.2367077599009066,1.27021697360059,0.9146379064963358,0.9197942885494393,0.9080887572681432,0.9317848064904822,1.25,1.273686451539393,1.2378067618499689,1.3095661412288173,1.9685813419820881,1.9697229512473124,1.9446557662165445,1.9954004300921326,0.0034623667507482914,0.005637621201220355,True,True,0.023686451539393083,0.000579914703486395,True,True
asymmetric_sigma,AB,2.0,0.75,20000,1.5000000000000002,1.4966590678619653,1.48070498643549,1.5126131492884407,0.8753570700005799,0.8758470495094588,0.8647008017415668,0.887264667439349,1.5000000000000002,1.4977228081998277,1.4624737297459467,1.5329718866537088,1.9264604849308484,1.935103660090795,1.9104770487846234,1.9603298388602766,-0.00334093213803488,0.0005597481595465137,True,True,-0.0022771918001724956,0.004486557200396923,True,True
asymmetric_sigma,AB,2.0,0.875,20000,1.7500000000000002,1.7519193631189183,1.737123188196021,1.7667155380418156,0.805644152216101,0.8122803064512318,0.8019430248930471,0.8228692628177898,1.7500000000000002,1.7508876442069645,1.7172752269449327,1.7845000614689963,1.8541338948414703,1.8452542455360392,1.8217710802653235,1.869309139562157,0.0019193631189180493,0.008237078636860629,True,True,0.0008876442069642998,-0.004789108990529645,True,True
asymmetric_sigma,AB,2.0,1.0,20000,2.0,1.998170606697177,1.985532313323142,2.010808900071212,0.696419413859206,0.6938169404171685,0.6849872531700837,0.7028615980927356,2.0,2.0209000370359673,1.989235189546097,2.0525648845258377,1.7478558292948534,1.7383365739344163,1.716214069590863,1.7609976799412852,-0.001829393302823057,-0.0037369340805937235,True,True,0.020900037035967323,-0.005446247454103492,True,True
asymmetric_sigma,AB,4.0,0.125,20000,0.5,0.5170726725907332,0.4974645891647668,0.5366807560166995,1.0682930309610748,1.0764444254790284,1.0627453255260453,1.0904770481609947,0.5,0.49146132171039814,0.452656631105097,0.5302660123156993,2.141553174684206,2.1302996308756357,2.103188907012505,2.158070401211788,0.017072672590733196,0.007630298318636708,True,True,-0.008538678289601864,-0.005254851451554354,True,True
asymmetric_sigma,AB,4.0,0.25,20000,1.0,1.006160462982523,0.9830116258485012,1.0293093001165445,1.2688577540449522,1.270824697544935,1.25465186582012,1.2873912782744847,1.0,0.9893974446660672,0.9456157106976169,1.0331791786345175,2.3832750575625967,2.4035293222861953,2.372941409295451,2.434861938523838,0.0061604629825229296,0.0015501686408210258,True,True,-0.01060255533393284,0.008498500691025201,True,True
asymmetric_sigma,AB,4.0,0.375,20000,1.5000000000000002,1.496329976176479,1.4714798138056633,1.5211801385472947,1.3752272539475066,1.3642240383825193,1.346862583375915,1.3820081810016527,1.5000000000000002,1.479184887868848,1.4332117673579199,1.5251580083797762,2.5171908946283756,2.5238320452232186,2.4917131298071546,2.55673293816761,-0.003670023823521218,-0.008001016219976176,True,True,-0.02081511213115217,0.002638318217746294,True,True
asymmetric_sigma,AB,4.0,0.5,20000,2.0,1.976451583270544,1.9506477410559862,2.002255425485102,1.4089002803605373,1.416579147710987,1.3985514085388802,1.4350457960659389,2.0,1.9713949427521196,1.9243044780623655,2.0184854074418737,2.5602734228984216,2.5851719980635752,2.5522724551249176,2.6188725239413206,-0.023548416729455957,0.005450256102216722,True,True,-0.028605057247880428,0.009724967240790416,True,True
asymmetric_sigma,AB,4.0,0.625,20000,2.5,2.497296865827185,2.472299347671275,2.522294383983095,1.3752272539475066,1.3723135752322588,1.3548491707642099,1.3902031737538032,2.5,2.523873073757268,2.47777869715571,2.569967450358826,2.5171908946283756,2.53048876123051,2.498285130788027,2.563476431700819,-0.0027031341728149805,-0.002118688898059662,True,True,0.023873073757267882,0.005282820079522521,True,True
asymmetric_sigma,AB,4.0,0.75,20000,3.0000000000000004,2.9942263612807465,2.9712026344380322,3.0172500881234607,1.2688577540449522,1.2639563936560685,1.2478709696777697,1.2804334385817657,3.0000000000000004,2.99052096159298,2.947262695919323,3.033779227266637,2.3832750575625967,2.374791963534512,2.3445697693311067,2.405749957076645,-0.0057736387192539596,-0.0038628131272073762,True,True,-0.009479038407020468,-0.0035594271845234005,True,True
asymmetric_sigma,AB,4.0,0.875,20000,3.5000000000000004,3.500843741338623,3.481489255650383,3.5201982270268632,1.0682930309610748,1.0625224186638278,1.0490004936382198,1.0763735528601934,3.5000000000000004,3.5129748149371807,3.473728588264923,3.5522210416094384,2.141553174684206,2.1545390747620283,2.1271198736967825,2.1826258325862735,0.0008437413386226389,-0.005401712947669002,True,True,0.012974814937180223,0.006063776623121964,True,True
asymmetric_sigma,AB,4.0,1.0,20000,4.0,3.994975817742844,3.98225910881976,4.007692526665928,0.696419413859206,0.6981217966752215,0.6892373247548489,0.7072225728294945,4.0,3.987446842554653,3.95574771872281,4.019145966386496,1.7478558292948534,1.740218276314035,1.7180718249571756,1.7629039123559602,-0.005024182257156173,0.0024444792636977297,True,True,-0.012553157445347018,-0.004369669885129879,True,True
asymmetric_sigma,AB,8.0,0.125,20000,1.0,0.9966840017195165,0.9645575874615926,1.0288104159774405,1.76351920885484,1.7636756631082031,1.7412306872026322,1.7866670916742904,1.0,1.0418327757164312,0.9864260788027945,1.0972394726300678,3.0298514815086235,3.041716455974884,3.0030068145175557,3.081368534913589,-0.0033159982804834565,8.871706788204925e-05,True,True,0.04183277571643118,0.003916025105082932,True,True
asymmetric_sigma,AB,8.0,0.25,20000,2.0,1.9889137329379878,1.9483840132081869,2.0294434526677887,2.232711356176611,2.225000267573136,2.1966843598128873,2.2540055636043115,2.0,1.9572422276178278,1.8905853449034429,2.023899110332213,3.6817115585010187,3.6593290766342665,3.6127595430892705,3.707032407141743,-0.011086267062012212,-0.0034536880829412198,True,True,-0.042757772382172154,-0.0060793686607717445,True,True
asymmetric_sigma,AB,8.0,0.375,20000,3.0000000000000004,2.98612766738102,2.9411509066210595,3.0311044281409805,2.471841418861655,2.4691338946492265,2.4377110815253205,2.5013217377693646,3.0000000000000004,3.0055526300013677,2.9321881750562215,3.078917084946514,4.022437072223753,4.027561329600876,3.9763055806601737,4.080064967623449,-0.013872332618980465,-0.0010953470525125741,True,True,0.005552630001367298,0.0012739185934087516,True,True
asymmetric_sigma,AB,8.0,0.5,20000,4.0,4.023058218343731,3.976671841440601,4.069444595246861,2.5465663156493688,2.5465189917246116,2.514111356574956,2.579715633666838,4.0,3.9774405489104603,3.9021218201753483,4.052759277645572,4.129769969380861,4.134847038324589,4.082225944724613,4.188749262130183,0.02305821834373134,-1.8583425244522722e-05,True,True,-0.022559451089539717,0.0012293829877620954,True,True
asymmetric_sigma,AB,8.0,0.625,20000,5.0,5.002095163912073,4.957253366664156,5.04693696115999,2.471841418861655,2.461724668717967,2.4303961472492586,2.493815924527699,5.0,4.981438128451318,4.907870717761989,5.055005539140646,4.022437072223753,4.038703192612045,3.9873056495466863,4.0913520769250065,0.0020951639120729837,-0.004092799022822002,True,True,-0.018561871548682163,0.0040438470748529465,True,True
asymmetric_sigma,AB,8.0,0.75,20000,6.000000000000001,5.963823844200704,5.923008153429983,6.0046395349714246,2.232711356176611,2.2406995037584903,2.212183803607108,2.2699094563911304,6.000000000000001,6.016379427087364,5.948969928546277,6.083788925628451,3.6817115585010187,3.7006461749748185,3.653550829742254,3.7488881187516876,-0.03617615579929723,0.0035777789008779592,True,True,0.016379427087363396,0.005142884273505954,True,True
asymmetric_sigma,AB,8.0,0.875,20000,7.000000000000001,6.999216690588825,6.966971899622237,7.031461481555413,1.76351920885484,1.770174306824641,1.7476466275600082,1.7932504522725836,7.000000000000001,7.023097906289817,6.967972757102649,7.078223055476986,3.0298514815086235,3.0262600508750648,2.9877471114799743,3.065710638779349,-0.000783309411175992,0.0037737598413360995,True,True,0.02309790628981645,-0.0011853487391964013,True,True
asymmetric_sigma,AB,8.0,1.0,20000,8.0,7.9919315251054455,7.979319711839883,8.004543338371008,0.696419413859206,0.6923632356091648,0.6835520485716549,0.7013889426630567,8.0,8.010496707830592,7.978790754979153,8.042202660682031,1.7478558292948534,1.740593175783607,1.7184419533626922,1.7632836990474599,-0.008068474894554534,-0.005824332534849819,True,True,0.0104967078305922,-0.004155178813676108,True,True
asymmetric_sigma,AB,12.0,0.125,20000,1.5000000000000002,1.4865032485443572,1.4407104668903765,1.532296030198338,2.5280921660414206,2.513931803927766,2.481938881449057,2.5467036364699007,1.5000000000000002,1.515828882776184,1.4411105909176642,1.590547174634704,4.103199970754534,4.101884258912717,4.049682657856158,4.155356777073424,-0.013496751455642997,-0.005601204854737363,True,True,0.015828882776183884,-0.0003206550621939197,True,True
asymmetric_sigma,AB,12.0,0.25,20000,3.0000000000000004,3.0102211284496128,2.9508694849726074,3.069572771926618,3.2572994949804666,3.2582861045580445,3.216820343794879,3.300761404176796,3.0000000000000004,3.002751676277709,2.9087337645761093,3.0967695879793085,5.165268628057984,5.161394652796298,5.095709458491926,5.228679040137686,0.010221128449612316,0.00030289188301479975,True,True,0.002751676277708448,-0.0007500046058865895,True,True
asymmetric_sigma,AB,12.0,0.375,20000,4.500000000000001,4.4969291956942,4.430741601632667,4.563116789755734,3.6250862058715243,3.633566071483363,3.5873244043607273,3.6809335532262595,4.500000000000001,4.4334816409568685,4.329442990318855,4.537520291594882,5.708436738722783,5.711513108177743,5.638826969349089,5.785968887308649,-0.003070804305800756,0.002339217643460012,True,True,-0.06651835904313241,0.0005389162735380815,True,True
asymmetric_sigma,AB,12.0,0.5,20000,6.000000000000001,6.018972019371466,5.950995595017546,6.086948443725386,3.739652390263031,3.731769264245054,3.684277838824171,3.780416931306924,6.000000000000001,5.9826882163684,5.875821002039207,6.089555430697593,5.878350108661444,5.866795577725507,5.792133275501019,5.943275632566995,0.018972019371465088,-0.0021079836293079746,True,True,-0.017311783631600797,-0.001965607818920412,True,True
asymmetric_sigma,AB,12.0,0.625,20000,7.500000000000001,7.493635084578262,7.427099542578498,7.560170626578026,3.6250862058715243,3.6526677149396964,3.606182955543292,3.700284207359673,7.500000000000001,7.475042788191189,7.370827590862576,7.579257985519802,5.708436738722783,5.721205167151788,5.64839568476587,5.795787292802195,-0.006364915421738893,0.007608511219263869,True,True,-0.02495721180881194,0.002236764461694296,True,True
asymmetric_sigma,AB,12.0,0.75,20000,9.000000000000002,9.023629590502745,8.964811560151833,9.082447620853657,3.2572994949804666,3.228991814929249,3.1878988605945233,3.2710852316533825,9.000000000000002,9.014717901322008,8.920488873291635,9.108946929352381,5.165268628057984,5.1729845155227085,5.1071518257376844,5.240419989317541,0.02362959050274327,-0.008690536468887733,True,True,0.014717901322006455,0.0014938017788295177,True,True
asymmetric_sigma,AB,12.0,0.875,20000,10.500000000000002,10.531419441961905,10.485822134254724,10.577016749669086,2.5280921660414206,2.5032006765764687,2.471344321098074,2.5358326172138206,10.500000000000002,10.49665574878223,10.421723307692558,10.571588189871902,4.103199970754534,4.113640621892488,4.0612894064315705,4.16726639701835,0.03141944196190316,-0.009845958070400562,True,True,-0.003344251217772154,0.0025445143332933906,True,True
asymmetric_sigma,AB,12.0,1.0,20000,12.000000000000002,12.001333158960618,11.988681939621143,12.013984378300092,0.696419413859206,0.694526549976633,0.6856878320614964,0.7035804581838242,12.000000000000002,12.009105285839977,11.97746559526954,12.040744976410414,1.7478558292948534,1.7369555095489368,1.7148505809748429,1.7595986118809648,0.0013331589606160321,-0.0027179941352922787,True,True,0.009105285839975608,-0.006236395223920832,True,True
asymmetric_sigma,AC,1.0,0.125,20000,0.125,0.11898675852471331,0.10575847222866486,0.13221504482076177,0.7252693465189329,0.7262063676843109,0.7169644845160525,0.7356732567365908,-0.125,-0.1217492123146351,-0.15432809955225793,-0.08917032507701228,1.7903604734801313,1.7885155215531003,1.7657544274201504,1.8118307646634226,-0.0060132414752866875,0.0012919630063994436,True,True,0.003250787685364895,-0.0010304918782331196,True,True
asymmetric_sigma,AC,1.0,0.25,20000,0.25,0.25284398494794247,0.23932369344718915,0.26636427644869576,0.7451929280394441,0.7422368673505431,0.73279097604956,0.7519127313836906,-0.25,-0.23956879553889254,-0.27277428129898906,-0.20636330977879605,1.8201133206479205,1.8229145228158639,1.7997156584223901,1.8466781942834067,0.0028439849479424684,-0.0039668394286541675,True,True,0.010431204461107457,0.0015390262442265268,True,True
asymmetric_sigma,AC,1.0,0.375,20000,0.37500000000000006,0.38039289566833995,0.3666007191769625,0.3941850721597174,0.7568953857700549,0.7571628076462269,0.7475269651102677,0.7670332475287034,-0.37500000000000006,-0.3773733141025041,-0.41097318457429527,-0.3437734436307129,1.8377338286596347,1.8445654519339911,1.821091052422267,1.8686113667871072,0.005392895668339892,0.00035331418476003407,True,True,-0.0023733141025040205,0.0037174171622769148,True,True
asymmetric_sigma,AC,1.0,0.5,20000,0.5,0.4993933279998008,0.4855081495319461,0.5132785064676555,0.760756202735147,0.7622684294942497,0.7525676115425953,0.7722054267049581,-0.5,-0.5065194687193673,-0.5399766530098998,-0.47306228442883463,1.8435699064586621,1.836732266962669,1.8133575545145146,1.8606760677386447,-0.0006066720001992043,0.0019877941890789064,True,True,-0.006519468719367261,-0.0037089125137260703,True,True
asymmetric_sigma,AC,1.0,0.625,20000,0.625,0.6253200919843878,0.6115027918541975,0.639137392114578,0.7568953857700549,0.7585420449923921,0.748888649938331,0.7684304647322672,-0.625,-0.6148139381103863,-0.6484235389520614,-0.5812043372687112,1.8377338286596347,1.8450996297111781,1.821618432119972,1.8691525081520233,0.0003200919843877603,0.002175544009509256,True,True,0.010186061889613685,0.004008089167578666,True,True
asymmetric_sigma,AC,1.0,0.75,20000,0.7500000000000001,0.7394440981540115,0.7259539892675663,0.7529342070404567,0.7451929280394441,0.7405799024033555,0.7311550980511204,0.7502341660980641,-0.7500000000000001,-0.7321182233668849,-0.7650643412330542,-0.6991721055007156,1.8201133206479205,1.8086757460062712,1.7856580878340438,1.8322537995471544,-0.010555901845988647,-0.006190377635795996,True,True,0.017881776633115187,-0.006283990404277517,True,True
asymmetric_sigma,AC,1.0,0.875,20000,0.8750000000000001,0.8714403818809695,0.8582232850514396,0.8846574787104994,0.7252693465189329,0.7255920884303757,0.7163580227329496,0.7350509696851439,-0.8750000000000001,-0.8612769992621222,-0.8938705984545235,-0.8286834000697209,1.7903604734801313,1.789323178342659,1.7665518057681788,1.8126489501367815,-0.0035596181190306053,0.00044499593563673834,True,True,0.01372300073787791,-0.000579377814042048,True,True
asymmetric_sigma,AC,1.0,1.0,20000,1.0,1.002549370255458,0.9898156639886283,1.0152830765222876,0.696419413859206,0.6990549167321595,0.690158569693457,0.7081678571202434,-1.0,-0.9757565958146581,-1.007866297626203,-0.9436468940031133,1.7478558292948534,1.7627581833448747,1.7403248835153604,1.785737651565372,0.0025493702554579833,0.0037843615793948793,True,True,0.024243404185341877,0.008526077380211383,True,True
asymmetric_sigma,AC,2.0,0.125,20000,0.25,0.2588957321219656,0.24421674550142078,0.2735747187425104,0.805644152216101,0.8058469038560796,0.7955914953821923,0.8163519938296848,-0.25,-0.23379949733445343,-0.26909098871632803,-0.19850800595257884,1.9122140309076279,1.9374320447123363,1.9127758018033578,1.9626885765052338,0.008895732121965594,0.000251664012481001,True,True,0.016200502665546568,0.013187861503525689,True,False
asymmetric_sigma,AC,2.0,0.25,20000,0.5,0.5083764232297427,0.4922750186734526,0.5244778277860329,0.8753570700005799,0.8839347936498783,0.8726856192350073,0.8954578441122656,-0.5,-0.5034888221170314,-0.5402347962955876,-0.46674284793847526,2.0214475011733546,2.0172802310154205,1.9916078201935066,2.0435776706747246,0.008376423229742747,0.0097991139196405,True,True,-0.003488822117031387,-0.0020615277693410983,True,True
asymmetric_sigma,AC,2.0,0.375,20000,0.7500000000000001,0.7467728267365843,0.730068739855435,0.7634769136177336,0.9146379064963358,0.9170208436648558,0.90535060793416,0.9289752067383797,-0.7500000000000001,-0.7511443888663757,-0.7893460237834596,-0.7129427539492917,2.084241468736288,2.097193083961666,2.0705036822630034,2.1245322744873327,-0.003227173263415817,0.002605333926786635,True,True,-0.0011443888663755786,0.006214066565536136,True,True
asymmetric_sigma,AC,2.0,0.5,20000,1.0,0.9973170744753935,0.9803875705028328,1.0142465784479542,0.9273618495495703,0.9293957895576394,0.9175680671823149,0.9415114734967026,-1.0,-0.9950416442844238,-1.0333429696521792,-0.9567403189166682,2.104756517984919,2.1026658896187853,2.07590683963179,2.130076424112594,-0.002682925524606472,0.002193253915995008,True,True,0.004958355715576235,-0.0009932875124839535,True,True
asymmetric_sigma,AC,2.0,0.625,20000,1.25,1.2539984485684548,1.2373302570163476,1.270666640120562,0.9146379064963358,0.9150502621445387,0.9034051045252375,0.926978936546837,-1.25,-1.265032740185176,-1.3030643761512868,-1.2270011042190652,2.084241468736288,2.0878604827513927,2.0612898500609345,2.115078012680075,0.003998448568454771,0.0004508403219176671,True,True,-0.015032740185175975,0.0017363698349688317,True,True
asymmetric_sigma,AC,2.0,0.75,20000,1.5000000000000002,1.494881480825306,1.4788487485452846,1.5109142131053273,0.8753570700005799,0.8801648235121237,0.8689636266765076,0.8916387283175563,-1.5000000000000002,-1.493662000736051,-1.530615416313027,-1.456708585159075,2.0214475011733546,2.028668347441266,2.0028510086123865,2.055114243571782,-0.005118519174694303,0.005492334130048793,True,True,0.006337999263949179,0.0035721166459776743,True,True
asymmetric_sigma,AC,2.0,0.875,20000,1.7500000000000002,1.743765770912711,1.7290037848748596,1.7585277569505624,0.805644152216101,0.8104034052813702,0.8000900096350999,0.820967894201858,-1.7500000000000002,-1.7538502799187723,-1.7886811079653657,-1.7190194518721789,1.9122140309076279,1.9121425521845057,1.8878081496582715,1.9370694079643538,-0.0062342290872892114,0.005907388581146922,True,True,-0.0038502799187720704,-3.738008505682622e-05,True,True
asymmetric_sigma,AC,2.0,1.0,20000,2.0,1.9896314053293431,1.9768162678231553,2.0024465428355307,0.696419413859206,0.7035253283355096,0.6945720897249473,0.7126965453961074,-2.0,-2.0296611109209457,-2.0616001299862603,-1.9977220918556313,1.7478558292948534,1.7533880431474023,1.731073990056596,1.776245361409429,-0.010368594670656872,0.010203498545404033,True,True,-0.0296611109209457,0.00316514311983096,True,True
asymmetric_sigma,AC,4.0,0.125,20000,0.5,0.48997914576854446,0.47064553993119607,0.5093127516058928,1.0682930309610748,1.061376156756982,1.0478688193459897,1.0752123481839366,-0.5,-0.510450171709045,-0.5530901975717558,-0.46781014584633424,2.3369317491103585,2.3408518387581534,2.311061575038778,2.3713673858966526,-0.010020854231455545,-0.006474697488076053,True,True,-0.010450171709045053,0.0016774514913784344,True,True
asymmetric_sigma,AC,4.0,0.25,20000,1.0,0.982314912415504,0.9591355994897083,1.0054942253412995,1.2688577540449522,1.2724977573465721,1.2563036338458813,1.2890861482284761,-1.0,-1.0106545991926028,-1.0593538586356803,-0.9619553397495254,2.679552201394853,2.6734916010728904,2.6394680808616546,2.7083434689383092,-0.01768508758449605,0.0028687244807512613,True,True,-0.01065459919260281,-0.002261795951878698,True,True
asymmetric_sigma,AC,4.0,0.375,20000,1.5000000000000002,1.488754540727523,1.463769909723298,1.5137391717317479,1.3752272539475066,1.3716060964700347,1.3541506955529812,1.3894864722372122,-1.5000000000000002,-1.5105983910882927,-1.562816303215034,-1.4583804789615515,2.865527874580877,2.8666585712577937,2.8301767600567556,2.9040285804624806,-0.011245459272477332,-0.0026331338817475736,True,True,-0.010598391088292525,0.00039458582376616924,True,True
asymmetric_sigma,AC,4.0,0.5,20000,2.0,1.9908670759546103,1.9652164193804091,2.0165177325288113,1.4089002803605373,1.4081695635082205,1.3902488467999121,1.426526583795772,-2.0,-2.0123422736879966,-2.0656639726990016,-1.9590205746769918,2.9248931604419335,2.9272542558369885,2.8900012888566815,2.9654141956295703,-0.009132924045389679,-0.0005186434146565722,True,True,-0.012342273687996563,0.0008072415864579519,True,True
asymmetric_sigma,AC,4.0,0.625,20000,2.5,2.519015193327708,2.493823462889674,2.544206923765742,1.3752272539475066,1.3829754397250906,1.3653753497131202,1.401004027234801,-2.5,-2.5010922313304595,-2.5532603451905787,-2.4489241174703404,2.865527874580877,2.863924746368364,2.827477726503996,2.9012591171952167,0.01901519332770807,0.005634113020479559,True,True,-0.0010922313304595477,-0.0005594530162257305,True,True
asymmetric_sigma,AC,4.0,0.75,20000,3.0000000000000004,2.9918208741662697,2.968635611030309,3.0150061373022305,1.2688577540449522,1.2728244119422008,1.2566261313537406,1.2894170611216809,-3.0000000000000004,-2.9743428541765353,-3.0231055786900116,-2.925580129663059,2.679552201394853,2.6769757060595665,2.642907846260211,2.7118729930190923,-0.008179125833730705,0.003126164366812123,True,True,0.025657145823465122,-0.0009615395191574505,True,True
asymmetric_sigma,AC,4.0,0.875,20000,3.5000000000000004,3.5144996050320447,3.4951507173534977,3.5338484927105918,1.0682930309610748,1.062215099167214,1.0486970851660882,1.0760622271200273,-3.5000000000000004,-3.501879579154428,-3.5448846976500334,-3.458874460658823,2.3369317491103585,2.3608946915411297,2.3308493574835945,2.3916715190429403,0.014499605032044283,-0.00568938635534566,True,True,-0.001879579154427713,0.010254018945950572,True,True
asymmetric_sigma,AC,4.0,1.0,20000,4.0,4.001430303633109,3.9887108161254314,4.014149791140786,0.696419413859206,0.6982743353926065,0.6893879222265118,0.7073771000547996,-4.0,-3.977006119414495,-4.009059792060255,-3.9449524467687347,1.7478558292948534,1.7596822945972364,1.7372881392942772,1.7826216652658438,0.0014303036331089203,0.0026635120970013304,True,True,0.022993880585505,0.006766270480760506,True,True
asymmetric_sigma,AC,8.0,0.125,20000,1.0,1.0122014020536607,0.9800315753796466,1.044371228727675,1.76351920885484,1.7660589176202164,1.7435836118239418,1.7890814144983602,-1.0,-1.0093110653581079,-1.0742625308073213,-0.9443595999088945,3.5608987629529714,3.5657050916516897,3.5203270402658418,3.612187931789068,0.012201402053660715,0.001440136717890228,True,True,-0.009311065358107884,0.001349751570789648,True,True
asymmetric_sigma,AC,8.0,0.25,20000,2.0,1.9815134616740306,1.9407381186868855,2.0222888046611756,2.232711356176611,2.2384844914206354,2.2099969800681314,2.2676655689607603,-2.0,-1.9638354526426087,-2.04448938756575,-1.883181517719467,4.422103571830944,4.427739149966679,4.371390638380364,4.4854595406854125,-0.01848653832596936,0.0025857060421417,True,True,0.036164547357391275,0.0012744111584435114,True,True
asymmetric_sigma,AC,8.0,0.375,20000,3.0000000000000004,3.009896674291649,2.965062972904315,3.054730375678983,2.471841418861655,2.4612802222208363,2.429957356888983,2.493365684187571,-3.0000000000000004,-2.9921390460330435,-3.0803458346057644,-2.9039322574603226,4.866210024238575,4.84237565629559,4.780750377223737,4.9055012843918995,0.009896674291648644,-0.004272602829708427,True,True,0.007860953966956963,-0.004897932441112585,True,True
asymmetric_sigma,AC,8.0,0.5,20000,4.0,4.002021044510362,3.955500792017451,4.048541297003272,2.5465663156493688,2.5538684929071547,2.521367326174334,2.5871609435827945,-4.0,-3.987389900243836,-4.078959849019266,-3.8958199514684067,5.005496978322932,5.027006401358845,4.963031465424875,5.092538891825043,0.002021044510361669,0.0028674600825873142,True,True,0.012610099756163784,0.004297160327748184,True,True
asymmetric_sigma,AC,8.0,0.625,20000,5.0,4.991205106185756,4.946248035188715,5.036162177182797,2.471841418861655,2.46805296618351,2.4366439092245704,2.50022671822663,-5.0,-4.979125622208292,-5.067662947354385,-4.890588297062199,4.866210024238575,4.860521450766853,4.798665243793565,4.923883629010158,-0.00879489381424392,-0.0015326439023298777,True,True,0.0208743777917082,-0.0011689946474541246,True,True
asymmetric_sigma,AC,8.0,0.75,20000,6.000000000000001,5.968070080329815,5.927380413099468,6.008759747560162,2.232711356176611,2.2337810643288374,2.2053534099613543,2.262900827586377,-6.000000000000001,-6.00169149769477,-6.082379441750295,-5.9210035536392445,4.422103571830944,4.42960618307619,4.373233911161355,4.487350912600105,-0.0319299196701861,0.0004791072295426968,True,True,-0.0016914976947690619,0.0016966159031277517,True,True
asymmetric_sigma,AC,8.0,0.875,20000,7.000000000000001,7.001475463770998,6.969261306470097,7.033689621071899,1.76351920885484,1.768492580062053,1.7459863028712006,1.7915468023743883,-7.000000000000001,-6.952548920079771,-7.017973284258786,-6.887124555900756,3.5608987629529714,3.591666282781509,3.545957842809155,3.6384875552530387,0.0014754637709968321,0.002820140082535616,True,True,0.04745107992023012,0.00864038038616477,True,True
asymmetric_sigma,AC,8.0,1.0,20000,8.0,7.997275136733261,7.984549335712035,8.010000937754487,0.696419413859206,0.6986209346148373,0.6897301105406859,0.7077282175744848,-8.0,-8.000747051831468,-8.03259794037766,-7.968896163285276,1.7478558292948534,1.7485498545308253,1.7262973734337803,1.771344101747368,-0.0027248632667387085,0.0031611995757434563,True,True,-0.0007470518314676156,0.0003970723582229496,True,True
asymmetric_sigma,AC,12.0,0.125,20000,1.5000000000000002,1.4870322927392896,1.4408352322872806,1.5332293531912986,2.5280921660414206,2.5361258985275823,2.503850528471374,2.569187055207513,-1.5000000000000002,-1.4742859113994997,-1.5644486092501941,-1.3841232135488053,4.971041138433679,4.949751150028407,4.886759383670885,5.014276534352885,-0.012967707260710615,0.003177784652820259,True,True,0.025714088600500506,-0.004282802699150601,True,True
asymmetric_sigma,AC,12.0,0.25,20000,3.0000000000000004,3.022139626897122,2.962947620710801,3.0813316330834426,3.2572994949804666,3.249522337701139,3.2081681068184724,3.2918833920967607,-3.0000000000000004,-2.969519316514696,-3.085142874380976,-2.8538957586484157,6.338769596696192,6.347501263401793,6.266721380854367,6.430247839160205,0.022139626897121456,-0.0023876089046501736,True,True,0.030480683485304638,0.0013775018278234796,True,True
asymmetric_sigma,AC,12.0,0.375,20000,4.500000000000001,4.506142928275596,4.4400345717442,4.572251284806991,3.6250862058715243,3.629216090113281,3.583029781937351,3.676526865122606,-4.500000000000001,-4.451964861972976,-4.579694465551224,-4.324235258394728,7.032869257991365,7.012098875424671,6.922861158083253,7.103509203165173,0.006142928275594706,0.001139251319063117,True,True,0.04803513802702497,-0.0029533298295133514,True,True
asymmetric_sigma,AC,12.0,0.5,20000,6.000000000000001,6.040630960307917,5.972690096954378,6.108571823661456,3.739652390263031,3.7298170366971966,3.6823504558104814,3.778439254351814,-6.000000000000001,-6.055697943445673,-6.187730243189843,-5.923665643701503,7.249482740168434,7.248308259162938,7.156064482352892,7.342797832870517,0.04063096030791602,-0.002630018124530231,True,True,-0.05569794344567214,-0.00016200893878781653,True,True
asymmetric_sigma,AC,12.0,0.625,20000,7.500000000000001,7.497723384515932,7.431994336159055,7.5634524328728086,3.6250862058715243,3.6083928326266266,3.5624715264135522,3.6554321538493895,-7.500000000000001,-7.4893876391230405,-7.618276145106261,-7.36049913313982,7.032869257991365,7.0757202914706,6.985672912137412,7.1679599934962335,-0.002276615484069211,-0.004604958971143769,True,True,0.01061236087696038,0.006092966029553892,True,True
asymmetric_sigma,AC,12.0,0.75,20000,9.000000000000002,9.019748402872052,8.959597501547824,9.07989930419628,3.2572994949804666,3.3021637562118142,3.260139597521659,3.3452110486945297,-9.000000000000002,-9.003831519180212,-9.1183421803146,-8.889320858045823,6.338769596696192,6.2864054664718285,6.206403104258049,6.3683555921344634,0.019748402872050264,0.013773452917204665,True,False,-0.0038315191802098525,-0.008260929731797817,True,True
asymmetric_sigma,AC,12.0,0.875,20000,10.500000000000002,10.500894520526415,10.454946439324196,10.546842601728635,2.5280921660414206,2.52245743743053,2.4903560156157174,2.5553404108687827,-10.500000000000002,-10.423524511863283,-10.515568073162306,-10.33148095056426,4.971041138433679,5.053006778335259,4.988700955125936,5.118878211965697,0.0008945205264137002,-0.00222884619737318,True,True,0.0764754881367189,0.01648862634989312,True,False
asymmetric_sigma,AC,12.0,1.0,20000,12.000000000000002,11.999931368537858,11.987261576367088,12.012601160708629,0.696419413859206,0.6955461611379599,0.6866944673971499,0.7046133610844835,-12.000000000000002,-11.982314564722763,-12.014048799052867,-11.95058033039266,1.7478558292948534,1.7421457721996276,1.7199747910498957,1.7648565352447156,-6.863146214364235e-05,-0.0012539178315076338,True,True,0.017685435277238426,-0.003266892497380325,True,True
asymmetric_sigma,BC,1.0,0.125,20000,0.0,0.011676794747166423,-0.0010459245934291359,0.024399514087761982,0.696419413859206,0.6984517565333311,0.6895630854615954,0.707556834072868,0.0,0.0180792745395764,-0.014547354423036837,0.050705903502189634,1.7941746013139301,1.7911364464345516,1.7683419977585613,1.8144858561484334,0.011676794747166423,0.0029182740079902736,True,True,0.0180792745395764,-0.0016933440464230731,True,True
asymmetric_sigma,BC,1.0,0.25,20000,0.0,-0.0014973837511169168,-0.014090569018490469,0.011095801516256635,0.696419413859206,0.6913405958961436,0.6825424232264105,0.7003529717302411,0.0,0.00672053031199878,-0.02652353770320062,0.039964598327198175,1.826540445760783,1.8250326111840993,1.801806791470333,1.8488238942349018,-0.0014973837511169168,-0.007292757585430021,True,True,0.00672053031199878,-0.000825513927262489,True,True
asymmetric_sigma,BC,1.0,0.375,20000,0.0,-0.006622624423068065,-0.019310041133710428,0.0060647922875743,0.696419413859206,0.6965137130034093,0.6876497059564955,0.7055935260397791,0.0,-0.014406955785764734,-0.047858312190099644,0.019044400618570174,1.84568754127019,1.8364123277073345,1.813041686885856,1.8603519577274914,-0.006622624423068065,0.00013540567986281005,True,True,-0.014406955785764734,-0.00502534332353588,True,True
asymmetric_sigma,BC,1.0,0.5,20000,0.0,0.008324420445753232,-0.004443087712956187,0.02109192860446265,0.696419413859206,0.7009105727539218,0.6919906101743528,0.7100477036344869,0.0,0.005015627330354305,-0.028441539656430374,0.038472794317138986,1.8520259177452134,1.8367313170216373,1.8133566166626693,1.8606751054140995,0.008324420445753232,0.006448928340219595,True,True,0.005015627330354305,-0.008258308146247173,True,True
asymmetric_sigma,BC,1.0,0.625,20000,0.0,-0.0010198471322289987,-0.013671202757241142,0.011631508492783143,0.696419413859206,0.6945340317790847,0.685695218648666,0.7035880375197001,0.0,0.01600787084779384,-0.017564827589721572,0.04958056928530925,1.84568754127019,1.843073761788162,1.819618345896886,1.867100230839452,-0.0010198471322289987,-0.002707250893069557,True,True,0.01600787084779384,-0.0014161549144061647,True,True
asymmetric_sigma,BC,1.0,0.75,20000,0.0,-0.007896997697005541,-0.020526390368355574,0.00473239497434449,0.696419413859206,0.6933283097040079,0.6845048408931205,0.7023665975473141,0.0,-0.002605695020028275,-0.035943533119452926,0.030732143079396375,1.826540445760783,1.8301804006058486,1.8068890688413382,1.8540387906850233,-0.007896997697005541,-0.004438566894723328,True,True,-0.002605695020028275,0.001992813711579,True,True
asymmetric_sigma,BC,1.0,0.875,20000,0.0,0.006502308978412817,-0.006225344337587033,0.019229962294412668,0.696419413859206,0.6987226218802405,0.6898305037086143,0.7078312304438793,0.0,0.02864344341582739,-0.0042136585037256605,0.06150054533538044,1.7941746013139301,1.803788949197417,1.7808334816189164,1.827303298032215,0.006502308978412817,0.0033072139793910438,True,True,0.02864344341582739,0.005358646742878781,True,True
asymmetric_sigma,BC,1.0,1.0,20000,0.0,-0.001434349670378669,-0.014123412925000427,0.01125471358424309,0.696419413859206,0.6966041049631648,0.6877389475656503,0.7056850963569442,0.0,-0.018380508907625215,-0.05051077439989336,0.013749756584642933,1.7478558292948534,1.7638870881440405,1.7414394215907874,1.7868812728651908,-0.001434349670378669,0.0002652009698227431,True,True,-0.018380508907625215,0.00917195719492181,True,True
asymmetric_sigma,BC,2.0,0.125,20000,0.0,0.0025277540487250987,-0.010238260945287703,0.0152937690427379,0.696419413859206,0.7008286010089492,0.6919096816222299,0.7099646632987534,0.0,0.01698638747069889,-0.018054529211561313,0.0520273041529591,1.9264604849308484,1.9236759966220467,1.8991948166083619,1.948753203381643,0.0025277540487250987,0.0063312237740611454,True,True,0.01698638747069889,-0.0014453908245627423,True,True
asymmetric_sigma,BC,2.0,0.25,20000,0.0,0.003952815912499504,-0.00856858447760192,0.01647421630260093,0.696419413859206,0.6873997502104839,0.6786517297248017,0.6963607528391974,0.0,-0.006800473170817638,-0.04438580403173874,0.03078485769010346,2.0445048300260877,2.063359228237751,2.0371004046166803,2.090257357692347,0.003952815912499504,-0.012951482209175746,True,False,-0.006800473170817638,0.00922198761028259,True,True
asymmetric_sigma,BC,2.0,0.375,20000,0.0,-0.0027640549427366537,-0.015544873482660055,0.010016763597186746,0.696419413859206,0.7016412859678312,0.692712024149846,0.7107879424890859,0.0,-0.0013854413711645215,-0.04005995140086155,0.0372890686585325,2.112167133538442,2.12315297855524,2.096133204770115,2.1508305845132996,-0.0027640549427366537,0.007498171367291695,True,True,-0.0013854413711645215,0.0052012195637161085,True,True
asymmetric_sigma,BC,2.0,0.5,20000,0.0,0.0006807323626022327,-0.012039545340579024,0.01340101006578349,0.696419413859206,0.6983177155397997,0.6894307503071436,0.7074210457093455,0.0,0.015189834362249134,-0.023588710495197028,0.053968379219695294,2.1342445970413046,2.1288642817944914,2.101771824541382,2.156616340795812,0.0006807323626022327,0.002725802358199969,True,True,0.015189834362249134,-0.0025209459376268617,True,True
asymmetric_sigma,BC,2.0,0.625,20000,0.0,0.00038892481688896236,-0.01219737095003473,0.012975220583812654,0.696419413859206,0.6909623761490894,0.6821690167980902,0.6999698214778347,0.0,-0.01339622340184921,-0.05203444963707488,0.025242002833376458,2.112167133538442,2.1211610710625277,2.0941666467884357,2.14881271034214,0.00038892481688896236,-0.007835849491725777,True,True,-0.01339622340184921,0.004258156175841243,True,True
asymmetric_sigma,BC,2.0,0.75,20000,0.0,-0.012724667734235669,-0.025366050234520494,-8.328523395084199e-05,0.696419413859206,0.6939865272482182,0.6851546817968692,0.7030333956723903,0.0,0.008900505663088655,-0.028376672667534505,0.04617768399371182,2.0445048300260877,2.0464422728051157,2.0203987385737117,2.0731198713647627,-0.012724667734235669,-0.0034934215827011617,False,True,0.008900505663088655,0.0009476342391439019,True,True
asymmetric_sigma,BC,2.0,0.875,20000,0.0,0.00198736208606394,-0.01065319218995232,0.0146279163620802,0.696419413859206,0.6939410593981699,0.6851097925820088,0.702987335099514,0.0,0.03425938948878212,-0.000578274056216542,0.06909705303378078,1.9264604849308484,1.9125178073276978,1.888178629211017,1.9374495549660655,0.00198736208606394,-0.003558709610495203,True,True,0.03425938948878212,-0.007237458391808671,True,True
asymmetric_sigma,BC,2.0,1.0,20000,0.0,-0.012923077299247538,-0.025559624624756493,-0.00028652997373858173,0.696419413859206,0.6937210858575104,0.6848926184794338,0.7027644939647429,0.0,0.0028031964621494485,-0.02876480018151652,0.03437119310581542,1.7478558292948534,1.7330196568632852,1.71096481693108,1.7556114510791092,-0.012923077299247538,-0.003874573206888221,False,True,0.0028031964621494485,-0.008488212919456672,True,True
asymmetric_sigma,BC,4.0,0.125,20000,0.0,0.00030633994757204083,-0.012328919724436272,0.012941599619580354,0.696419413859206,0.6936503962647234,0.6848228285000169,0.7026928828563072,0.0,0.005649389374432961,-0.037513038524973695,0.04881181727383962,2.3832750575625967,2.369530662080348,2.339375424510093,2.400420068841432,0.00030633994757204083,-0.003976077546629764,True,True,0.005649389374432961,-0.0057670202348801824,True,True
asymmetric_sigma,BC,4.0,0.25,20000,0.0,0.006672723462594352,-0.005891257103046332,0.019236704028235036,0.696419413859206,0.6897373163866077,0.6809595474513674,0.6987287917302772,0.0,0.0013489926547668944,-0.04894327666396009,0.05164126197349388,2.748636025376951,2.760944645979113,2.7258081765296196,2.7969365593057844,0.006672723462594352,-0.009594932794261823,True,True,0.0013489926547668944,0.004478083125056154,True,True
asymmetric_sigma,BC,4.0,0.375,20000,0.0,-0.004367205219977044,-0.017101329424305117,0.008366918984351027,0.696419413859206,0.6990778606619964,0.6901812216331265,0.7081911001491352,0.0,-0.031913607275561126,-0.08532669718876457,0.021499482637642314,2.9461839725312475,2.932271432940637,2.8949546161144877,2.9704967770881097,-0.004367205219977044,0.0038173071426290672,True,True,-0.031913607275561126,-0.004722223635836742,True,True
asymmetric_sigma,BC,4.0,0.5,20000,0.0,-0.005215856886631402,-0.01804995480743148,0.007618241034168676,0.696419413859206,0.7045662170430286,0.6955997318234388,0.7137510032188922,0.0,0.004759197582822777,-0.05002315591816327,0.05954155108380882,3.0091527046662154,3.007441255715264,2.9691678089960485,3.0466465201773385,-0.005215856886631402,0.011698127624956811,True,True,0.004759197582822777,-0.0005687477901329396,True,True
asymmetric_sigma,BC,4.0,0.625,20000,0.0,-0.000533964452549278,-0.01319143036023995,0.012123501455141392,0.696419413859206,0.6948694740344299,0.6860263919822949,0.7039278526293139,0.0,0.017660922966487753,-0.03588062573699326,0.07120247166996876,2.9461839725312475,2.939323562702333,2.90191699871581,2.9776408390236435,-0.000533964452549278,-0.0022255838851291676,True,True,0.017660922966487753,-0.0023285748252238614,True,True
asymmetric_sigma,BC,4.0,0.75,20000,0.0,0.0025091911332272886,-0.010267871428131407,0.015286253694585986,0.696419413859206,0.7014350902831045,0.6925084525627764,0.7105790588195697,0.0,0.009027295671176497,-0.04083111187846368,0.05888570322081668,2.748636025376951,2.737126505642996,2.70229315178167,2.772807923631114,0.0025091911332272886,0.007202091619048945,True,True,0.009027295671176497,-0.004187356793585173,True,True
asymmetric_sigma,BC,4.0,0.875,20000,0.0,0.009206514054646014,-0.0033748670690342403,0.02178789517832627,0.696419413859206,0.6906925720990102,0.6819026463415735,0.6996965002388109,0.0,0.02921105620804219,-0.014574710341843804,0.07299682275792818,2.3832750575625967,2.4037507029133818,2.3731599725776196,2.4350862050880377,0.009206514054646014,-0.00822326552969066,True,True,0.02921105620804219,0.008591389938736649,True,True
asymmetric_sigma,BC,4.0,1.0,20000,0.0,-0.005501647834848847,-0.018146542039646316,0.007143246369948622,0.696419413859206,0.6941793127777593,0.6853450138897292,0.7032286943707775,0.0,-0.003785693965577842,-0.035991698923469054,0.02842031099231337,1.7478558292948534,1.7680450327930692,1.7455444512002676,1.7910934208404772,-0.005501647834848847,-0.0032165976951060715,True,True,-0.003785693965577842,0.01155084026945219,True,True
asymmetric_sigma,BC,8.0,0.125,20000,0.0,0.0052706946554695235,-0.0075027131168601945,0.01804410242779924,0.696419413859206,0.7012344497007956,0.6923103653825073,0.7103758026692673,0.0,0.017003015072441195,-0.05023448945982983,0.08424051960471221,3.6817115585010187,3.6912040490931854,3.6442288667070803,3.7393229044999754,0.0052706946554695235,0.006913988533012061,True,True,0.017003015072441195,0.0025782819868789275,True,True
asymmetric_sigma,BC,8.0,0.25,20000,0.0,-0.0011643139990864457,-0.013896193664983974,0.011567565666811082,0.696419413859206,0.6989546400070837,0.6900595691149684,0.7080662731791021,0.0,-0.03678031947785423,-0.12076811499286258,0.04720747603715412,4.588572762853391,4.610761405200803,4.552083706794687,4.670867689876821,-0.0011643139990864457,0.0036403725936196007,True,True,-0.03678031947785423,0.0048356304877714695,True,True
asymmetric_sigma,BC,8.0,0.375,20000,0.0,-0.010186920121928383,-0.022770010232032213,0.002396169988175446,0.696419413859206,0.6907863920236256,0.6819952722904531,0.6997915432080823,0.0,0.01561733596134102,-0.07608246287821398,0.10731713480089601,5.055195347362948,5.034134909262424,4.970069254160817,5.099760327574529,-0.010186920121928383,-0.008088547969053672,True,True,0.01561733596134102,-0.004166097777311362,True,True
asymmetric_sigma,BC,8.0,0.5,20000,0.0,-4.043100005100142e-05,-0.012764338646146269,0.012683476646044266,0.696419413859206,0.6985169921202643,0.6896274908441958,0.7076229200765577,0.0,0.03195366470639524,-0.06300884961120311,0.1269161790239936,5.201442107723588,5.213251440540178,5.146906303834945,5.281211837454085,-4.043100005100142e-05,0.003011946851732006,True,True,0.03195366470639524,0.0022703958963714577,True,True
asymmetric_sigma,BC,8.0,0.625,20000,0.0,-0.0014141321096964275,-0.014141986981623188,0.011313722762230333,0.696419413859206,0.6987336868960929,0.6898414279083181,0.707842439704236,0.0,0.005554331963621396,-0.08685054220696531,0.09795920613420811,5.055195347362948,5.072842129807333,5.008283876973232,5.138972138796037,-0.0014141321096964275,0.003323102416203927,True,True,0.005554331963621396,0.0034908210725410616,True,True
asymmetric_sigma,BC,8.0,0.75,20000,0.0,0.001759901551295095,-0.010945679743725845,0.014465482846316036,0.696419413859206,0.6975109122283761,0.688634214575675,0.7066037248401364,0.0,0.013536252505994965,-0.06993791471400751,0.09701041972599744,4.588572762853391,4.58256424268796,4.52424538839726,4.642302946713385,0.001759901551295095,0.0015673003185272538,True,True,0.013536252505994965,-0.00130945295540974,True,True
asymmetric_sigma,BC,8.0,0.875,20000,0.0,-0.005577254149644949,-0.01834148732300253,0.007186979023712635,0.696419413859206,0.7007307826311993,0.6918131081055265,0.7098655697521662,0.0,-0.01402445108061429,-0.08057155784405354,0.052522655682824965,3.6817115585010187,3.6533025972543,3.60680975818738,3.70092736605507,-0.005577254149644949,0.006190764769324453,True,True,-0.01402445108061429,-0.00771623762353757,True,True
asymmetric_sigma,BC,8.0,1.0,20000,0.0,-0.001335921022269015,-0.014024173995204777,0.011352331950666747,0.696419413859206,0.6965596221248879,0.6876950308270561,0.7056400336365382,0.0,-0.00842750133189704,-0.040380626062918284,0.0235256233991242,1.7478558292948534,1.7541624158837814,1.7318385079325982,1.7770298289358106,-0.001335921022269015,0.0002013273365037982,True,True,-0.00842750133189704,0.0036081846587268096,True,True
asymmetric_sigma,BC,12.0,0.125,20000,0.0,0.004607453838780529,-0.008015941707687433,0.017230849385248492,0.696419413859206,0.6929990795845739,0.6841798006382133,0.7020330755555527,0.0,-0.0637343234844899,-0.1582241029916451,0.0307554560226653,5.1652686280579845,5.187299248254138,5.121284385613881,5.254921330143599,0.004607453838780529,-0.004911313795344152,True,True,-0.0637343234844899,0.004265145103292678,True,True
asymmetric_sigma,BC,12.0,0.25,20000,0.0,-0.0027545754505400215,-0.015454941003797268,0.009945790102717227,0.696419413859206,0.6972245784738579,0.6883515247758564,0.7063136584140162,0.0,0.013610978616155118,-0.1061416259838738,0.13336358321618405,6.599621201250873,6.574177641838665,6.490513019223209,6.659879190482095,-0.0027545754505400215,0.0011561490082392378,True,True,0.013610978616155118,-0.0038553060298954778,True,True
asymmetric_sigma,BC,12.0,0.375,20000,0.0,-0.002460194775551995,-0.015067237718258854,0.010146848167154865,0.696419413859206,0.6921013544587516,0.6832935001860091,0.7011236476073045,0.0,0.134652153480942,0.0013626289294467464,0.2679416780324373,7.326663633605682,7.317327377759049,7.22420524644975,7.412716690669299,-0.002460194775551995,-0.006200371951904482,True,True,0.134652153480942,-0.0012742847650067946,False,True
asymmetric_sigma,BC,12.0,0.5,20000,0.0,-0.0026398484698602048,-0.015408148396607282,0.010128451456886872,0.696419413859206,0.7009540392300629,0.692033523485289,0.7100917367433724,0.0,-0.04479553066279586,-0.1822125170413344,0.09262145571574266,7.553476021011783,7.543916747998799,7.447910983909465,7.642259899547681,-0.0026398484698602048,0.00651134256256336,True,True,-0.04479553066279586,-0.0012655462182434851,True,True
asymmetric_sigma,BC,12.0,0.625,20000,0.0,0.007432616786689304,-0.005250028517532542,0.020115262090911152,0.696419413859206,0.6962517723674233,0.6873910988423053,0.7053281707229951,0.0,-0.03285693324561418,-0.16675402517430574,0.10104015868307739,7.326663633605682,7.350681607342741,7.25713500179761,7.446505728876193,0.007432616786689304,-0.00024071915349654915,True,True,-0.03285693324561418,0.003278159737932329,True,True
asymmetric_sigma,BC,12.0,0.75,20000,0.0,0.0012215766576135698,-0.011477325863547464,0.013920479178774604,0.696419413859206,0.6971442609481694,0.6882722293910107,0.7062322938621123,0.0,-0.059729688452761866,-0.17972702970699034,0.0602676528014666,6.599621201250873,6.587613192952988,6.503777586166606,6.673489888603406,0.0012215766576135698,0.0010408197625431104,True,True,-0.059729688452761866,-0.0018194996245555206,True,True
asymmetric_sigma,BC,12.0,0.875,20000,0.0,0.004185136462962272,-0.008401580433132909,0.016771853359057454,0.696419413859206,0.6909854952953725,0.6821918417243575,0.6999932420073093,0.0,0.07894799570203699,-0.015423673958709055,0.17331966536278304,5.1652686280579845,5.180815254739862,5.114882909016545,5.248352810728772,0.004185136462962272,-0.007802652332337345,True,True,0.07894799570203699,0.0030098389457282604,True,True
asymmetric_sigma,BC,12.0,1.0,20000,0.0,-0.006353319141073604,-0.018997854943582748,0.006291216661435542,0.696419413859206,0.6941596372114655,0.685325588719594,0.7032087623120987,0.0,-0.009703188607435728,-0.041541484680369146,0.02213510746549769,1.7478558292948534,1.7478585530228046,1.7256148696009872,1.770643788373066,-0.006353319141073604,-0.0032448501617984293,True,True,-0.009703188607435728,1.5583252952477977e-06,True,True
asymmetric_sigma,ABC,1.0,0.125,20000,0.125,0.12542767875152366,0.11233353319659853,0.1385218243064488,0.7252693465189329,0.7188423102252022,0.7096941438869112,0.7282132007871875,0.0,-0.0014813502128078221,-0.034123750833195354,0.031161050407579712,1.8055686431149607,1.792002278791692,1.769196811317404,1.8153629755711074,0.0004276787515236635,-0.008861585457290544,True,True,-0.0014813502128078221,-0.007513624239654515,True,True
asymmetric_sigma,ABC,1.0,0.25,20000,0.25,0.24836756873997942,0.23474351407805047,0.26199162340190835,0.7451929280394441,0.7479332566401604,0.7384148716698318,0.7576833792970314,0.0,0.0009032207187389186,-0.0326083662301647,0.03441480766764254,1.84568754127019,1.83971886371782,1.8163061430952543,1.8637015980275446,-0.0016324312600205781,0.0036773411255068833,True,True,0.0009032207187389186,-0.003233850486015988,True,True
asymmetric_sigma,ABC,1.0,0.375,20000,0.37500000000000006,0.3671095322900446,0.35327911093831244,0.3809399536417768,0.7568953857700549,0.7592623737199617,0.7495998115830448,0.7691601837274639,0.0,-0.0061606082384352175,-0.040056235322781394,0.027735018845910963,1.869345640859389,1.8608018963618926,1.837120867813096,1.8850594709096111,-0.00789046770995544,0.0031272326326823308,True,True,-0.0061606082384352175,-0.004570446636914305,True,True
asymmetric_sigma,ABC,1.0,0.5,20000,0.5,0.49396990254969747,0.48016648208347845,0.5077733230159165,0.760756202735147,0.7577800792976935,0.7481363812089056,0.7676585659868348,0.0,-0.003126832361194674,-0.037248432614958756,0.030994767892569407,1.877165416259313,1.87320736982115,1.8493684661263077,1.897626663194406,-0.0060300974503025295,-0.003912059378225807,True,True,-0.003126832361194674,-0.002108522991037365,True,True
asymmetric_sigma,ABC,1.0,0.625,20000,0.625,0.6242643780751967,0.6104619574612192,0.6380667986891743,0.7568953857700549,0.7577251894163993,0.7480821898699165,0.7676029605562982,0.0,0.01050530173645321,-0.023833120314928756,0.04484372378783518,1.869345640859389,1.8851104513359418,1.8611200660601093,1.9096849143098724,-0.0007356219248032536,0.0010963254129237043,True,True,0.01050530173645321,0.008433330964574992,True,True
asymmetric_sigma,ABC,1.0,0.75,20000,0.7500000000000001,0.753364858915266,0.7397028543807067,0.7670268634498252,0.7451929280394441,0.7500166284798794,0.7404717300004497,0.75979391015234,0.0,0.020303614666457047,-0.013473090713633451,0.054080320046547545,1.84568754127019,1.8542733334812915,1.8306753890502938,1.8784458011183414,0.0033648589152658337,0.006473089395958365,True,True,0.020303614666457047,0.004651812410887635,True,True
asymmetric_sigma,ABC,1.0,0.875,20000,0.8750000000000001,0.8764383565207462,0.863297668316323,0.8895790447251694,0.7252693465189329,0.721397408268738,0.7122167251161465,0.7308016073099274,0.0,0.0042168216917402275,-0.028628760478526135,0.03706240386200659,1.8055686431149607,1.8031565380824097,1.7802091187253228,1.8266626427511863,0.0014383565207460869,-0.005338621118869846,True,True,0.0042168216917402275,-0.0013359254115034025,True,True
asymmetric_sigma,ABC,1.0,1.0,20000,1.0,1.006308901470069,0.9936844578610078,1.0189333450791302,0.696419413859206,0.6930566161174209,0.6842366049468082,0.7020913621396209,0.0,-0.002251050426832896,-0.03399598383746611,0.02949388298380032,1.7478558292948534,1.7427331302470201,1.7205546742324378,1.7654515501424417,0.006308901470069017,-0.004828696148991951,True,True,-0.002251050426832896,-0.0029308475916459686,True,True
asymmetric_sigma,ABC,2.0,0.125,20000,0.25,0.2525126808713705,0.2379169414415381,0.26710842030120296,0.805644152216101,0.801276800168104,0.7910795519723837,0.8117223138745535,0.0,-0.00841485584127995,-0.04429825558038682,0.02746854389782692,1.9685813419820881,1.9699266255286005,1.9448568484881839,1.9956067594889768,0.0025126808713705207,-0.005420944266750549,True,True,-0.00841485584127995,0.0006833771700578417,True,True
asymmetric_sigma,ABC,2.0,0.25,20000,0.5,0.49816142203266656,0.4821654058360946,0.5141574382292385,0.8753570700005799,0.8781491842221459,0.8669736389143272,0.8895968129793685,0.0,0.02110064923963164,-0.01752223955462206,0.05972353803388534,2.1121671335384424,2.1203190763363358,2.093335367496911,2.1479597392998344,-0.0018385779673334435,0.0031896860347104816,True,True,0.02110064923963164,0.003859515976956107,True,True
asymmetric_sigma,ABC,2.0,0.375,20000,0.7500000000000001,0.7510667537317519,0.7343785850372722,0.7677549224262317,0.9146379064963358,0.916146967165455,0.9044878526048155,0.9280899383093109,0.0,-0.01947417339488305,-0.05923825929685657,0.02028991250709047,2.193812321052099,2.182968507098703,2.1551875059943946,2.211425873463064,0.0010667537317518017,0.0016498995486637913,True,True,-0.01947417339488305,-0.004942908675157676,True,True
asymmetric_sigma,ABC,2.0,0.5,20000,1.0,0.9980571428919579,0.9811614395084474,1.0149528462754684,0.9273618495495703,0.9275402050586046,0.9157360973139306,0.9396316994375631,0.0,-0.020743312559887036,-0.06108672170874027,0.019600096588966196,2.220360331117452,2.214772190615688,2.186586447911108,2.243644152550547,-0.0019428571080420953,0.0001923256915528082,True,True,-0.020743312559887036,-0.002516771905644477,True,True
asymmetric_sigma,ABC,2.0,0.625,20000,1.25,1.2389745388721285,1.2222276134378718,1.2557214643063852,0.9146379064963358,0.9193725942508894,0.9076724295563009,0.9313576149485644,0.0,-0.027459526249313797,-0.06745292956806064,0.012533877069433041,2.193812321052099,2.195557573025666,2.1676163603318264,2.2241790515428614,-0.011025461127871505,0.005176570663565139,True,True,-0.027459526249313797,0.0007955338552980695,True,True
asymmetric_sigma,ABC,2.0,0.75,20000,1.5000000000000002,1.5076498392501367,1.491637276533163,1.5236624019671106,0.8753570700005799,0.8790575549823438,0.8678704495219118,0.8905170253394035,0.0,-0.023472510226100224,-0.06180253892854955,0.0148575184763491,2.1121671335384424,2.10424164508415,2.077462541640506,2.1316727212625652,0.007649839250136514,0.0042274005758147215,True,True,-0.023472510226100224,-0.003752301760805765,True,True
asymmetric_sigma,ABC,2.0,0.875,20000,1.7500000000000002,1.7552045683397908,1.7404098742147227,1.7699992624648588,0.805644152216101,0.8121990136224648,0.801862766617073,0.8227869102486722,0.0,-0.014487307124853481,-0.05065215885786554,0.02167754460815858,1.9685813419820881,1.9853777751028616,1.9601113628833344,2.0112593315861718,0.0052045683397905496,0.00813617449879489,True,True,-0.014487307124853481,0.00853225252244938,True,True
asymmetric_sigma,ABC,2.0,1.0,20000,2.0,2.0072250673123295,1.9946377000296174,2.0198124345950417,0.696419413859206,0.6910212002152798,0.6822270922545582,0.7000294123796423,0.0,-0.013067138294377488,-0.04489956376104967,0.018765287172294698,1.7478558292948534,1.7475362685217242,1.7252966865727641,1.77031730254334,0.007225067312329525,-0.007751383055236816,True,True,-0.013067138294377488,-0.00018283016698128485,True,True
asymmetric_sigma,ABC,4.0,0.125,20000,0.5,0.4927959968172537,0.4733820118564536,0.5122099817780539,1.0682930309610748,1.0657888093087318,1.052225315381961,1.0796825244562054,0.0,-0.025246553396712668,-0.07103415838180138,0.020541051588376047,2.5171908946283756,2.5136476151954867,2.4816583093733895,2.5464157430287147,-0.007204003182746277,-0.0023441336597413986,True,True,-0.025246553396712668,-0.00140763238912478,True,True
asymmetric_sigma,ABC,4.0,0.25,20000,1.0,1.0106885952879547,0.9873960941983791,1.0339810963775302,1.2688577540449522,1.2787115603626167,1.262438358456585,1.2953809549183568,0.0,0.009726189694367516,-0.043712365863220186,0.06316474525195521,2.9461839725312475,2.9336694457062484,2.8963348374213314,2.9719130144691124,0.010688595287954739,0.007765887300015928,True,True,0.009726189694367516,-0.00424770718382772,True,True
asymmetric_sigma,ABC,4.0,0.375,20000,1.5000000000000002,1.502395576814321,1.4773662167703656,1.5274249368582762,1.3752272539475066,1.3740616309773408,1.356574980316355,1.391974017304848,0.0,0.014906010074104869,-0.0431096641935603,0.07292168434177004,3.1758857032330368,3.1849440763360817,3.144411684497113,3.2264632829281905,0.002395576814320677,-0.0008475857112487661,True,True,0.014906010074104869,0.0028522352343547386,True,True
asymmetric_sigma,ABC,4.0,0.5,20000,2.0,1.9902131728527646,1.9648140217519048,2.0156123239536243,1.4089002803605373,1.39436241780844,1.376617414276334,1.4125394469498307,0.0,0.02807453790091017,-0.031131454311061645,0.08728053011288198,3.2488459489486416,3.250290142438582,3.2089261402815294,3.2926612060032037,-0.009786827147235444,-0.010318588728208011,True,True,0.02807453790091017,0.00044452507525249985,True,True
asymmetric_sigma,ABC,4.0,0.625,20000,2.5,2.499365416596992,2.4744030832341104,2.5243277499598737,1.3752272539475066,1.3703820007129932,1.3529421779435251,1.3882464190619532,0.0,0.005644177805688587,-0.05265638442721781,0.06394474003859499,3.1758857032330368,3.2005838538404894,3.1598524262963754,3.242306941925553,-0.0006345834030079267,-0.0035232382288856723,True,True,0.005644177805688587,0.007776775651060053,True,True
asymmetric_sigma,ABC,4.0,0.75,20000,3.0000000000000004,3.0035168331895394,2.9804008557249397,3.026632810654139,1.2688577540449522,1.2690207676450098,1.2528708931815473,1.2855638321882787,0.0,0.030514557040081682,-0.02323290533722702,0.08426201941739038,2.9461839725312475,2.9506278101143057,2.9130773854587835,2.9890924495831057,0.0035168331895389926,0.00012847271456384313,True,True,0.030514557040081682,0.0015083367584951546,True,True
asymmetric_sigma,ABC,4.0,0.875,20000,3.5000000000000004,3.502541958947014,3.4830998746660042,3.521984043228024,1.0682930309610748,1.0673314055912269,1.0537482801998297,1.0812452301573294,0.0,-0.0011240419270142467,-0.04739427588929466,0.04514619203526616,2.5171908946283756,2.5401429773778332,2.507816484975328,2.5732565010452784,0.0025419589470137005,-0.0009001513086561719,True,True,-0.0011240419270142467,0.00911813355055302,True,True
asymmetric_sigma,ABC,4.0,1.0,20000,4.0,4.014635174486013,4.002022462965857,4.02724788600617,0.696419413859206,0.6924125479835529,0.6836007333844804,0.7014388978778247,0.0,0.019952975299417287,-0.011876924750667053,0.05178287534950163,1.7478558292948534,1.7473976282197148,1.7251598106417803,1.7701768549143564,0.01463517448601337,-0.005753524091824391,False,True,0.019952975299417287,-0.00026215038303445404,True,True
asymmetric_sigma,ABC,8.0,0.125,20000,1.0,0.9816162952596494,0.9496559273436335,1.0135766631756653,1.76351920885484,1.754560052202481,1.7322310838324355,1.7774326488759706,0.0,0.022892236287402397,-0.05010913089098367,0.09589360346578846,4.022437072223753,4.007628539944798,3.95662646065148,4.059872332396506,-0.01838370474035056,-0.00508027165645486,True,True,0.022892236287402397,-0.003681482646730072,True,True
asymmetric_sigma,ABC,8.0,0.25,20000,2.0,2.0316849000566815,1.9908886283773495,2.072481171736013,2.232711356176611,2.239633434616543,2.2111313015266707,2.2688294898795953,0.0,0.046188342476557176,-0.04667643526601058,0.13905312021912491,5.0551953473629485,5.098089912854875,5.033210350443268,5.1645490541282335,0.03168490005668145,0.003100301532834804,True,True,0.046188342476557176,0.0084852439014651,True,True
asymmetric_sigma,ABC,8.0,0.375,20000,3.0000000000000004,3.006958773912683,2.9618191928057427,3.052098355019623,2.471841418861655,2.4780724049081435,2.4465358380756674,2.5103767712215217,0.0,0.020660864084450083,-0.08179748568605584,0.12311921385495601,5.583905443325486,5.624757762310775,5.553175693628574,5.698082591245481,0.006958773912682403,0.002520787134215885,True,True,0.020660864084450083,0.0073160835905845545,True,True
asymmetric_sigma,ABC,8.0,0.5,20000,4.0,4.017815465692911,3.9715054180087446,4.064125513377077,2.5465663156493688,2.5423286708008073,2.5099743627192392,2.575470687356856,0.0,0.05460050177778362,-0.050677575823525965,0.1598785793790932,5.749347789097473,5.779555160858006,5.706003101914378,5.854897942075754,0.017815465692910593,-0.001664062240405828,True,True,0.05460050177778362,0.005254051914865165,True,True
asymmetric_sigma,ABC,8.0,0.625,20000,5.0,5.008885458628273,4.9639856245251766,5.05378529273137,2.471841418861655,2.464910775583861,2.4335417069253635,2.4970435657584105,0.0,-0.03498004397986107,-0.1368555356337865,0.06689544767406436,5.583905443325486,5.592760021541913,5.52158516408092,5.665667725158993,0.00888545862827339,-0.0028038381527670797,True,True,-0.03498004397986107,0.0015857321199825858,True,True
asymmetric_sigma,ABC,8.0,0.75,20000,6.000000000000001,6.0210698876830095,5.98040045570054,6.061739319665479,2.232711356176611,2.2326701898337182,2.204256672731833,2.2617754716352088,0.0,0.07853412841451494,-0.013980129085350762,0.17104838591438065,5.0551953473629485,5.078847055045809,5.014212382037006,5.145055344759565,0.02106988768300866,-1.8437825730965862e-05,True,True,0.07853412841451494,0.004678693118199462,True,True
asymmetric_sigma,ABC,8.0,0.875,20000,7.000000000000001,7.005265162299389,6.973159252349301,7.037371072249476,1.76351920885484,1.7625500177613798,1.7401193670989452,1.7855267723173167,0.0,0.050576324037396016,-0.022714045252853886,0.12386669332764591,4.022437072223753,4.023494175841447,3.972290186512811,4.075944794095655,0.005265162299387782,-0.0005495778489928993,True,True,0.050576324037396016,0.00026280177880044775,True,True
asymmetric_sigma,ABC,8.0,1.0,20000,8.0,7.9892718579384026,7.976612670372189,8.001931045504616,0.696419413859206,0.6949639896318619,0.6861197047506855,0.7040236003402531,0.0,-0.021231802281490134,-0.052971903205958085,0.010508298642977813,1.7478558292948534,1.7424678364556383,1.7202927566359427,1.7651827979582377,-0.010728142061597445,-0.0020898673965432657,True,True,-0.021231802281490134,-0.0030826300138202534,True,True
asymmetric_sigma,ABC,12.0,0.125,20000,1.5000000000000002,1.5046339291251305,1.4585572576358738,1.5507106006143871,2.5280921660414206,2.529516786100387,2.497325525255577,2.5624917858187892,0.0,-0.029392115746555203,-0.13311950300140313,0.07433527150829274,5.708436738722783,5.694425373166351,5.621956697110832,5.768658395104942,0.004633929125130276,0.0005635158710202148,True,True,-0.029392115746555203,-0.0024545013280758976,True,True
asymmetric_sigma,ABC,12.0,0.25,20000,3.0000000000000004,3.0218820544554665,2.9620581761803666,3.0817059327305665,3.2572994949804666,3.2842108471697062,3.2424151616729584,3.3270241039765724,0.0,0.07480363941404256,-0.06011768576638024,0.20972496459446535,7.326663633605681,7.406909957164851,7.312647775630683,7.503467076332373,0.021882054455466093,0.008261859933577087,True,True,0.07480363941404256,0.010952641962584275,True,True
asymmetric_sigma,ABC,12.0,0.375,20000,4.500000000000001,4.497665912268374,4.431555817793564,4.5637760067431845,3.6250862058715243,3.629311499718613,3.5831239773362746,3.6766235184958096,0.0,0.06500300352604518,-0.08304788135492364,0.213053888407014,8.144706870108955,8.127696432906312,8.024261343099107,8.23364978694573,-0.0023340877316266884,0.0011655705842925634,True,True,0.06500300352604518,-0.002088526631335408,True,True
asymmetric_sigma,ABC,12.0,0.5,20000,6.000000000000001,5.9991915494920285,5.930798610282533,6.067584488701524,3.739652390263031,3.754635093845662,3.7068526721802977,3.8035808418409274,0.0,-0.04394774806023689,-0.1971510382524054,0.10925554213193164,8.399702375679748,8.410553143302836,8.303518348525849,8.520193841896331,-0.0008084505079724025,0.004006442850581937,True,True,-0.04394774806023689,0.0012918038208717952,True,True
asymmetric_sigma,ABC,12.0,0.625,20000,7.500000000000001,7.47570935432183,7.409347741074591,7.542070967569068,3.6250862058715243,3.6431193755115308,3.5967561306616425,3.690611394952445,0.0,-0.033413710621527336,-0.18148830325119292,0.11466088200813823,8.144706870108955,8.128997940726883,8.025546287606886,8.234968261334878,-0.024290645678171074,0.004974549187491961,True,True,-0.033413710621527336,-0.0019287286372113854,True,True
asymmetric_sigma,ABC,12.0,0.75,20000,9.000000000000002,8.923039852999338,8.863236099091353,8.982843606907323,3.2572994949804666,3.2831060598059403,3.2413244341084395,3.3259049145091284,0.0,-0.011575293690533896,-0.1454162733553985,0.12226568597433071,7.326663633605681,7.34760115667934,7.254093753716839,7.443385121191373,-0.07696014700066378,0.00792268714167732,False,True,-0.011575293690533896,0.002857715888255452,True,True
asymmetric_sigma,ABC,12.0,0.875,20000,10.500000000000002,10.542539398293464,10.497009552627635,10.588069243959293,2.5280921660414206,2.4994971459066546,2.467687922482293,2.532080806997705,0.0,-0.03370742256493304,-0.1377415505473907,0.07032670541752464,5.708436738722783,5.711264823464978,5.638581844369438,5.785717365934883,0.04253939829346187,-0.011310908881752124,True,True,-0.03370742256493304,0.0004954219292665485,True,True
asymmetric_sigma,ABC,12.0,1.0,20000,12.000000000000002,11.99829634235136,11.98563421844709,12.010958466255628,0.696419413859206,0.6951251886977303,0.6862788523570792,0.7041869008110937,0.0,-0.013868792756601847,-0.04565575285231608,0.017918167339112383,1.7478558292948534,1.745040310907875,1.7228324931373724,1.7677888074100458,-0.0017036576486422206,-0.0018583990275397033,True,True,-0.013868792756601847,-0.0016108413175669467,True,True
